<?xml version="1.0" encoding="UTF-8"?>
<!DOCTYPE suite SYSTEM "http://testng.org/testng-1.0.dtd">
<suite name="PAUIR BDD Test Suite" verbose="1" parallel="tests" thread-count="2" configfailurepolicy="continue">
 <test name="FIREFOX" annotations="JDK" preserve-order="true">
     	<parameter name="browser" value="FIREFOX" />
     	<parameter name="userrole" value="System Admin" />
        <classes>
            <class name="com.pauir.runner.MultiTestRunner" />
        </classes>
    </test>  
  <test name="CHROME" annotations="JDK" preserve-order="true">
     	<parameter name="browser" value="CHROME" />
     	<parameter name="userrole" value="System Admin" />
        <classes>
            <class name="com.pauir.runner.MultiTestRunner" />
        </classes>  
    </test> 
</suite>