[{
	"Name": "Core_Engineering",
	"Program": "CE Reference",
	"Year": "2018 - 2019",
	"Admin": "UI Refresh - Admin 1",
	"State": "Virginia",
	"School": "School1",
	"Distict": "District 1",
	"sessionfields": [{
		"fieldname": "sessionName",
		"fieldtype": "textbox",
		"objectlocator": "xpath=//input[@id='name']",
		"labletodisplay": "Session Name",
		"fieldvalue": "AutoSession@random@N",
		"name": "Session Name",
		"description": "",
		"overrideLabel": "",
		"required": "true",
		"minLength": "0",
		"maxLength": "100",
		"regex": "null",
		"viewFieldOptions": [],
		"type": "STRING",
		"fielderrormsg": "Session Name contains invalid characters. The field must be Alphanumeric, Apostrophe, Period(.), Hyphen(-), or Embedded spaces."
	}, {
		"fieldname": "school",
		"fieldtype": "dropdownlist",
		"objectlocator": "xpath=//kendo-multiselect[@id='org']//kendo-searchbar/input[@class='k-input'];xpath=//kendo-multiselect[@id='org']//kendo-searchbar/input[@class='k-input']",
		"labletodisplay": "^pa.core.session.create.school.label",
		"fieldvalue": "School 1",
		"name": "School",
		"description": "",
		"overrideLabel": "",
		"required": "true",
		"minLength": "null",
		"maxLength": "null",
		"regex": "null",
		"viewFieldOptions": [],
		"type": "STRING",
		"fielderrormsg": "The field must be A valid data."
	}, {
		"fieldname": "administration",
		"fieldtype": "dropdownlist",
		"objectlocator": "xpath=//kendo-dropdownlist[@id='testadmin']//span[@class='k-input']",
		"labletodisplay": "Administration",
		"fieldvalue": "Fall Summative 18-19 SOL",
		"name": "Administration",
		"description": "",
		"overrideLabel": "",
		"required": "true",
		"minLength": "null",
		"maxLength": "null",
		"regex": "null",
		"viewFieldOptions": [],
		"type": "STRING",
		"fielderrormsg": "The field must be A valid data."
	}, {
		"fieldname": "testingmode",
		"fieldtype": "radio",
		"objectlocator": "xpath=//label[contains(.,'Testing Mode')]/following-sibling::div//label",
		"labletodisplay": "Testing Mode",
		"fieldvalue": "Online",
		"name": "Testing Mode",
		"description": "",
		"overrideLabel": "",
		"required": "true",
		"minLength": "null",
		"maxLength": "null",
		"regex": "null",
		"viewFieldOptions": [],
		"type": "STRING",
		"fielderrormsg": "The field must be A valid data."
	}, {
		"fieldname": "test",
		"fieldtype": "dropdownlist",
		"objectlocator": "xpath=//kendo-dropdownlist[@id='test']//span[@class='k-input']",
		"labletodisplay": "Test",
		"fieldvalue": "Grade 4 Math",
		"name": "Test",
		"description": "",
		"overrideLabel": "",
		"required": "true",
		"minLength": "null",
		"maxLength": "null",
		"regex": "null",
		"viewFieldOptions": [],
		"type": "STRING",
		"fielderrormsg": "The field must be A valid data."
	}, {
		"fieldname": "addstudentstosession",
		"fieldtype": "radio",
		"objectlocator": "xpath=//h3[contains(.,'Add Student(s) to Session By')]/../..//following-sibling::div[contains(@class,'form-group')]//div[contains(@class,'pa-radio')]//label",
		"labletodisplay": "Add Student(s) to Session By",
		"fieldvalue": "None",
		"name": "Add Student(s) to Session By",
		"description": "",
		"overrideLabel": "",
		"required": "true",
		"minLength": "null",
		"maxLength": "null",
		"regex": "null",
		"viewFieldOptions": [],
		"type": "STRING",
		"fielderrormsg": "The field must be A valid data."
	}, {
		"fieldname": "courses",
		"fieldtype": "dropdownlist",
		"objectlocator": "xpath=//kendo-dropdownlist[@id='course']//span[@class='k-input'];xpath=//kendo-popup//span[contains(@class,'k-list-filter')]/input",
		"labletodisplay": "Courses",
		"fieldvalue": "Courses",
		"name": "Courses",
		"description": "",
		"overrideLabel": "",
		"required": "false",
		"minLength": "null",
		"maxLength": "null",
		"regex": "null",
		"viewFieldOptions": [],
		"type": "STRING",
		"fielderrormsg": "The field must be A valid data."
	}, {
		"fieldname": "class",
		"fieldtype": "dropdownlist",
		"objectlocator": "xpath=//kendo-multiselect[@id='orgclass']//kendo-searchbar/input[@class='k-input'];xpath=//kendo-multiselect[@id='orgclass']//kendo-searchbar/input[@class='k-input']",
		"labletodisplay": "Class",
		"fieldvalue": "Class",
		"name": "Class",
		"description": "",
		"overrideLabel": "",
		"required": "false",
		"minLength": "null",
		"maxLength": "null",
		"regex": "null",
		"viewFieldOptions": [],
		"type": "STRING",
		"fielderrormsg": "The field must be A valid data."
	}, {
		"fieldname": "grade",
		"fieldtype": "dropdownlist",
		"objectlocator": "xpath=//kendo-dropdownlist[@id='grades']//span[@class='k-input']",
		"labletodisplay": "Grade",
		"fieldvalue": "3",
		"name": "Grade",
		"description": "",
		"overrideLabel": "",
		"required": "false",
		"minLength": "null",
		"maxLength": "null",
		"regex": "null",
		"viewFieldOptions": [],
		"type": "STRING",
		"fielderrormsg": "The field must be A valid data."
	}, {
		"fieldname": "watchers",
		"fieldtype": "dropdownlist",
		"objectlocator": "xpath=//kendo-multiselect[@id='users']//kendo-searchbar/input;xpath=//kendo-multiselect[@id='users']//kendo-searchbar/input",
		"labletodisplay": "Watchers",
		"fieldvalue": "Teacher",
		"name": "Watchers",
		"description": "",
		"overrideLabel": "",
		"required": "true",
		"minLength": "null",
		"maxLength": "null",
		"regex": "null",
		"viewFieldOptions": [],
		"type": "STRING",
		"fielderrormsg": "The field must be A valid data."
	}, {
		"fieldname": "addwatchers",
		"fieldtype": "dropdownlist",
		"objectlocator": "xpath=//kendo-dropdownlist[@id='user']//span[@class='k-input']",
		"labletodisplay": "Add Watchers",
		"fieldvalue": "Teacher",
		"name": "Add Watchers",
		"description": "",
		"overrideLabel": "",
		"required": "true",
		"minLength": "null",
		"maxLength": "null",
		"regex": "null",
		"viewFieldOptions": [],
		"type": "STRING",
		"fielderrormsg": "The field must be A valid data."
	}, {
		"fieldname": "StartDate",
		"fieldtype": "datepicker",
		"objectlocator": "xpath=//label[contains(.,'Start Date')]/following-sibling::kendo-datepicker//kendo-dateinput//input",
		"labletodisplay": "Start Date",
		"fieldvalue": "@random_1#@",
		"name": "Start Date",
		"description": "",
		"overrideLabel": "",
		"required": "true",
		"minLength": "null",
		"maxLength": "null",
		"regex": "null",
		"viewFieldOptions": [],
		"type": "DATE",
		"fielderrormsg": "The field must be A valid date time."
	}, {
		"fieldname": "EndDate",
		"fieldtype": "datepicker",
		"objectlocator": "xpath=//label[contains(.,'End Date')]/following-sibling::kendo-datepicker//kendo-dateinput//input",
		"labletodisplay": "End Date",
		"fieldvalue": "@random_20#@",
		"name": "End Date",
		"description": "",
		"overrideLabel": "",
		"required": "true",
		"minLength": "null",
		"maxLength": "null",
		"regex": "null",
		"viewFieldOptions": [],
		"type": "DATE",
		"fielderrormsg": "The field must be A valid date time."
	}, {
		"fieldname": "timezone",
		"fieldtype": "dropdownlist",
		"objectlocator": "xpath=//kendo-dropdownlist[@id='timeZone']//span[@class='k-input'];xpath=//kendo-popup//span[contains(@class,'k-list-filter')]/input",
		"labletodisplay": "Timezone",
		"fieldvalue": "America/New_York",
		"name": "Timezone",
		"description": "",
		"overrideLabel": "",
		"required": "true",
		"minLength": "null",
		"maxLength": "null",
		"regex": "null",
		"viewFieldOptions": [],
		"type": "STRING",
		"fielderrormsg": "The field must be A valid timezone."
	}, {
		"fieldname": "StartTime",
		"fieldtype": "datepicker",
		"objectlocator": "xpath=//kendo-timepicker[@formcontrolname='startTime']//kendo-dateinput//input",
		"labletodisplay": "Start Time",
		"fieldvalue": "09:00 AM",
		"name": "Start Time",
		"description": "",
		"overrideLabel": "",
		"required": "false",
		"minLength": "null",
		"maxLength": "null",
		"regex": "null",
		"viewFieldOptions": [],
		"type": "DATE",
		"fielderrormsg": "The field must be A valid date time."
	}, {
		"fieldname": "EndTime",
		"fieldtype": "datepicker",
		"objectlocator": "xpath=//kendo-timepicker[@formcontrolname='endTime']//kendo-dateinput//input",
		"labletodisplay": "End Time",
		"fieldvalue": "05:00 PM",
		"name": "End Time",
		"description": "",
		"overrideLabel": "",
		"required": "false",
		"minLength": "null",
		"maxLength": "null",
		"regex": "null",
		"viewFieldOptions": [],
		"type": "DATE",
		"fielderrormsg": "The field must be A valid date time."
	}, {
		"fieldname": "sun",
		"fieldtype": "checkbox",
		"objectlocator": "xpath=//input[@id='sun']",
		"labletodisplay": "Su",
		"fieldvalue": "Yes",
		"name": "Su",
		"description": "",
		"overrideLabel": "",
		"required": "false",
		"minLength": "null",
		"maxLength": "null",
		"regex": "null",
		"viewFieldOptions": [],
		"type": "BOOLEAN",
		"fielderrormsg": "The field must be A valid date time."
	}, {
		"fieldname": "mon",
		"fieldtype": "checkbox",
		"objectlocator": "xpath=//input[@id='mon']",
		"labletodisplay": "M",
		"fieldvalue": "Yes",
		"name": "M",
		"description": "",
		"overrideLabel": "",
		"required": "false",
		"minLength": "null",
		"maxLength": "null",
		"regex": "null",
		"viewFieldOptions": [],
		"type": "BOOLEAN",
		"fielderrormsg": "The field must be A valid date time."
	}, {
		"fieldname": "tue",
		"fieldtype": "checkbox",
		"objectlocator": "xpath=//input[@id='tue']",
		"labletodisplay": "Tu",
		"fieldvalue": "Yes",
		"name": "Tu",
		"description": "",
		"overrideLabel": "",
		"required": "false",
		"minLength": "null",
		"maxLength": "null",
		"regex": "null",
		"viewFieldOptions": [],
		"type": "BOOLEAN",
		"fielderrormsg": "The field must be A valid date time."
	}, {
		"fieldname": "wed",
		"fieldtype": "checkbox",
		"objectlocator": "xpath=//input[@id='wed']",
		"labletodisplay": "W",
		"fieldvalue": "Yes",
		"name": "W",
		"description": "",
		"overrideLabel": "",
		"required": "false",
		"minLength": "null",
		"maxLength": "null",
		"regex": "null",
		"viewFieldOptions": [],
		"type": "BOOLEAN",
		"fielderrormsg": "The field must be A valid date time."
	}, {
		"fieldname": "thur",
		"fieldtype": "checkbox",
		"objectlocator": "xpath=//input[@id='thur']",
		"labletodisplay": "Th",
		"fieldvalue": "Yes",
		"name": "Th",
		"description": "",
		"overrideLabel": "",
		"required": "false",
		"minLength": "null",
		"maxLength": "null",
		"regex": "null",
		"viewFieldOptions": [],
		"type": "BOOLEAN",
		"fielderrormsg": "The field must be A valid date time."
	}, {
		"fieldname": "fri",
		"fieldtype": "checkbox",
		"objectlocator": "xpath=//input[@id='fri']",
		"labletodisplay": "F",
		"fieldvalue": "Yes",
		"name": "F",
		"description": "",
		"overrideLabel": "",
		"required": "false",
		"minLength": "null",
		"maxLength": "null",
		"regex": "null",
		"viewFieldOptions": [],
		"type": "BOOLEAN",
		"fielderrormsg": "The field must be A valid date time."
	}, {
		"fieldname": "sat",
		"fieldtype": "checkbox",
		"objectlocator": "xpath=//input[@id='sat']",
		"labletodisplay": "Sa",
		"fieldvalue": "Yes",
		"name": "Sa",
		"description": "",
		"overrideLabel": "",
		"required": "false",
		"minLength": "null",
		"maxLength": "null",
		"regex": "null",
		"viewFieldOptions": [],
		"type": "BOOLEAN",
		"fielderrormsg": "The field must be A valid date time."
	}],
	"coursefields": [{
		"fieldname": "courseCode",
		"fieldtype": "textbox",
		"objectlocator": "xpath=//input[@id='courseCode']",
		"labletodisplay": "Course Code",
		"fieldvalue": "AutoCourse@random@N",
		"name": "Course Code",
		"description": "",
		"overrideLabel": "",
		"required": "true",
		"minLength": "0",
		"maxLength": "50",
		"regex": "null",
		"viewFieldOptions": [],
		"type": "STRING",
		"fielderrormsg": "Course Code contains invalid characters. The field must be Alphanumeric, Apostrophe, Period(.), Hyphen(-), or Embedded spaces."
	}, {
		"fieldname": "courseName",
		"fieldtype": "textbox",
		"objectlocator": "xpath=//input[@id='courseName']",
		"labletodisplay": "Course Name",
		"fieldvalue": "AutoCourseName@random@N",
		"name": "Course Name",
		"description": "",
		"overrideLabel": "",
		"required": "true",
		"minLength": "0",
		"maxLength": "255",
		"regex": "null",
		"viewFieldOptions": [],
		"type": "STRING",
		"fielderrormsg": "The field must be A valid data."
	}, {
		"fieldname": "department",
		"fieldtype": "textbox",
		"objectlocator": "xpath=//input[@id='departmentName']",
		"labletodisplay": "Department",
		"fieldvalue": "AutoDept@random@N",
		"name": "Department",
		"description": "",
		"overrideLabel": "",
		"required": "false",
		"minLength": "null",
		"maxLength": "null",
		"regex": "null",
		"viewFieldOptions": [],
		"type": "STRING",
		"fielderrormsg": "The field must be A valid data."
	}],
	"classfields": [{
		"fieldname": "className",
		"fieldtype": "textbox",
		"objectlocator": "xpath=//pa-class-info//form//input[@id='name_create']",
		"labletodisplay": "Class Name",
		"fieldvalue": "AutoClass@random@N",
		"name": "Class Name",
		"description": "",
		"overrideLabel": "",
		"required": "true",
		"minLength": "0",
		"maxLength": "100",
		"regex": "null",
		"viewFieldOptions": [],
		"type": "STRING",
		"fielderrormsg": "Class Name contains invalid characters. The field must be Alphanumeric, Apostrophe, Period(.), Hyphen(-), or Embedded spaces."
	}, {
		"fieldname": "classcode",
		"fieldtype": "textbox",
		"objectlocator": "xpath=//pa-class-info//form//input[@id='code']",
		"labletodisplay": "Class Code",
		"fieldvalue": "AClS@random@N",
		"name": "Class Code",
		"description": "",
		"overrideLabel": "",
		"required": "true",
		"minLength": "0",
		"maxLength": "100",
		"regex": "null",
		"viewFieldOptions": [],
		"type": "STRING",
		"fielderrormsg": "Class Name contains invalid characters. The field must be Alphanumeric, Apostrophe, Period(.), Hyphen(-), or Embedded spaces."
	}, {
		"fieldname": "school",
		"fieldtype": "dropdownlist",
		"objectlocator": "xpath=//kendo-dropdownlist[@id='org']//span[@class='k-input'];xpath=//kendo-popup//span[contains(@class,'k-list-filter')]/input",
		"labletodisplay": "School",
		"fieldvalue": "School 1",
		"name": "School",
		"description": "",
		"overrideLabel": "",
		"required": "true",
		"minLength": "null",
		"maxLength": "null",
		"regex": "null",
		"viewFieldOptions": [],
		"type": "STRING",
		"fielderrormsg": "The field must be A valid data."
	}, {
		"fieldname": "teacher",
		"fieldtype": "dropdownlist",
		"objectlocator": "xpath=//kendo-multiselect[@id='teacher']//kendo-searchbar[@class='k-searchbar']/input;xpath=//kendo-multiselect[@id='teacher']//kendo-searchbar[@class='k-searchbar']/input",
		"labletodisplay": "Teacher(s)",
		"fieldvalue": "Teacher",
		"name": "Teacher(s)",
		"description": "",
		"overrideLabel": "",
		"required": "false",
		"minLength": "null",
		"maxLength": "null",
		"regex": "null",
		"viewFieldOptions": [],
		"type": "STRING",
		"fielderrormsg": "The field must be A valid data."
	}, {
		"fieldname": "course",
		"fieldtype": "dropdownlist",
		"objectlocator": "xpath=//kendo-dropdownlist[@id='course']//span[@class='k-input'];xpath=//kendo-popup//span[contains(@class,'k-list-filter')]/input",
		"labletodisplay": "Course",
		"fieldvalue": "Course",
		"name": "Course",
		"description": "",
		"overrideLabel": "",
		"required": "true",
		"minLength": "null",
		"maxLength": "null",
		"regex": "null",
		"viewFieldOptions": [],
		"type": "STRING",
		"fielderrormsg": "The field must be A valid data."
	}, {
		"fieldname": "StartDate",
		"fieldtype": "datepicker",
		"objectlocator": "xpath=//label[contains(.,'Start Date')]/..//kendo-datepicker//kendo-dateinput//input",
		"labletodisplay": "Start Date",
		"fieldvalue": "@random_1#@",
		"name": "Start Date",
		"description": "",
		"overrideLabel": "",
		"required": "false",
		"minLength": "null",
		"maxLength": "null",
		"regex": "null",
		"viewFieldOptions": [],
		"type": "DATE",
		"fielderrormsg": "The field must be A valid date time."
	}, {
		"fieldname": "EndDate",
		"fieldtype": "datepicker",
		"objectlocator": "xpath=//label[contains(.,'End Date')]/..//kendo-datepicker//kendo-dateinput//input",
		"labletodisplay": "End Date",
		"fieldvalue": "@random_20#@",
		"name": "End Date",
		"description": "",
		"overrideLabel": "",
		"required": "false",
		"minLength": "null",
		"maxLength": "null",
		"regex": "null",
		"viewFieldOptions": [],
		"type": "DATE",
		"fielderrormsg": "The field must be A valid date time."
	}],
	"studentfields": [{
		"fieldname": "lastName",
		"fieldtype": "textbox",
		"objectlocator": "xpath=//input[@formcontrolname='lastName']",
		"labletodisplay": "Last Name",
		"fieldvalue": "TestLastname",
		"name": "Last Name",
		"description": "",
		"overrideLabel": "",
		"required": "true",
		"minLength": "0",
		"maxLength": "null",
		"regex": "null",
		"viewFieldOptions": [],
		"type": "STRING",
		"fielderrormsg": "The field must be A valid data."
	}, {
		"fieldname": "firstName",
		"fieldtype": "textbox",
		"objectlocator": "xpath=//input[@formcontrolname='firstName']",
		"labletodisplay": "First Name",
		"fieldvalue": "TestFirstname",
		"name": "First Name",
		"description": "",
		"overrideLabel": "",
		"required": "true",
		"minLength": "0",
		"maxLength": "null",
		"regex": "null",
		"viewFieldOptions": [],
		"type": "STRING",
		"fielderrormsg": "The field must be A valid data."
	}, {
		"fieldname": "middleName",
		"fieldtype": "textbox",
		"objectlocator": "xpath=//input[@formcontrolname='middleName']",
		"labletodisplay": "Middle Name",
		"fieldvalue": "TestMidddleName",
		"name": "Middle Name",
		"description": "",
		"overrideLabel": "",
		"required": "false",
		"minLength": "0",
		"maxLength": "null",
		"regex": "null",
		"viewFieldOptions": [],
		"type": "STRING",
		"fielderrormsg": "The field must be A valid data."
	}, {
		"fieldname": "stateStudentId",
		"fieldtype": "textbox",
		"objectlocator": "xpath=//input[@id='stateStudentId']",
		"labletodisplay": "^pa.core.student.info.label.stateStudentId",
		"fieldvalue": "TestStateid",
		"name": "State Identifier",
		"description": "",
		"overrideLabel": "State Identifier",
		"required": "true",
		"minLength": "0",
		"maxLength": "null",
		"regex": "null",
		"viewFieldOptions": [],
		"type": "STRING",
		"fielderrormsg": "The field must be A valid data."
	}, {
		"fieldname": "localId",
		"fieldtype": "textbox",
		"objectlocator": "xpath=//input[@id='localId']",
		"labletodisplay": "Local Id",
		"fieldvalue": "TestLocalid",
		"name": "Local Id",
		"description": "",
		"overrideLabel": "",
		"required": "false",
		"minLength": "0",
		"maxLength": "null",
		"regex": "null",
		"viewFieldOptions": [],
		"type": "STRING",
		"fielderrormsg": "The field must be A valid data."
	}, {
		"fieldname": "grade",
		"fieldtype": "dropdownlist",
		"objectlocator": "xpath=//label[contains(text(),'Grade')]/..//kendo-dropdownlist//span[@class='k-input']",
		"labletodisplay": "Grade",
		"fieldvalue": "3",
		"name": "Grade",
		"description": "",
		"overrideLabel": "",
		"required": "false",
		"minLength": "null",
		"maxLength": "null",
		"regex": "null",
		"viewFieldOptions": [],
		"type": "STRING",
		"fielderrormsg": "The field must be A valid data."
	}, {
		"fieldname": "email",
		"fieldtype": "textbox",
		"objectlocator": "xpath=//input[@id='email']",
		"labletodisplay": "Email Address",
		"fieldvalue": "test@mail.com",
		"name": "Email Address",
		"description": "",
		"overrideLabel": "Email Address",
		"required": "false",
		"minLength": "0",
		"maxLength": "null",
		"regex": "null",
		"viewFieldOptions": [],
		"type": "STRING",
		"fielderrormsg": "The field must be A valid data."
	}, {
		"fieldname": "Birthdate",
		"fieldtype": "datepicker",
		"objectlocator": "xpath=//label[contains(text(),'Birthdate')]/..//kendo-datepicker//input[@class='k-input']",
		"labletodisplay": "Birthdate",
		"fieldvalue": "09092019",
		"name": "Birthdate",
		"description": "",
		"overrideLabel": "",
		"required": "true",
		"minLength": "null",
		"maxLength": "null",
		"regex": "null",
		"viewFieldOptions": [],
		"type": "DATE",
		"fielderrormsg": "The field must be A valid date time."
	}, {
		"fieldname": "sex",
		"fieldtype": "dropdownlist",
		"objectlocator": "xpath=//kendo-dropdownlist[@formcontrolname='sex']//span[@class='k-input']",
		"labletodisplay": "Sex",
		"fieldvalue": "Male",
		"name": "Sex",
		"description": "",
		"overrideLabel": "",
		"required": "false",
		"minLength": "null",
		"maxLength": "null",
		"regex": "null",
		"viewFieldOptions": [{
			"name": "Not Specified",
			"displayOrder": 0,
			"value": "Not Specified"
		}, {
			"name": "Male",
			"displayOrder": 1,
			"value": "Male"
		}, {
			"name": "Female",
			"displayOrder": 2,
			"value": "Female"
		}],
		"type": "STRING",
		"fielderrormsg": "The field must be a valid option."
	}, {
		"fieldname": "Organization",
		"fieldtype": "dropdownlist",
		"objectlocator": "xpath=//kendo-multiselect[@id='enrollment']//kendo-searchbar/input;xpath=//kendo-multiselect[@id='enrollment']//kendo-searchbar/input",
		"labletodisplay": "Organization",
		"fieldvalue": "School",
		"name": "Organization",
		"description": "",
		"overrideLabel": "",
		"required": "true",
		"minLength": "null",
		"maxLength": "null",
		"regex": "null",
		"viewFieldOptions": [],
		"type": "STRING",
		"fielderrormsg": "The field must be A valid data."
	}],
	"userfields": [{
		"fieldname": "firstName",
		"fieldtype": "textbox",
		"objectlocator": "xpath=//input[@formcontrolname='firstName']",
		"labletodisplay": "First Name",
		"fieldvalue": "TestFname",
		"name": "First Name",
		"description": "",
		"overrideLabel": "",
		"required": "true",
		"minLength": "null",
		"maxLength": "100",
		"regex": "null",
		"viewFieldOptions": [],
		"type": "STRING",
		"fielderrormsg": "First Name contains invalid characters."
	}, {
		"fieldname": "lastName",
		"fieldtype": "textbox",
		"objectlocator": "xpath=//input[@formcontrolname='lastName']",
		"labletodisplay": "Last Name",
		"fieldvalue": "TestLName",
		"name": "Last Name",
		"description": "",
		"overrideLabel": "",
		"required": "true",
		"minLength": "null",
		"maxLength": "100",
		"regex": "null",
		"viewFieldOptions": [],
		"type": "STRING",
		"fielderrormsg": "Last Name contains invalid characters."
	}, {
		"fieldname": "email",
		"fieldtype": "textbox",
		"objectlocator": "xpath=//input[@id='email']",
		"labletodisplay": "Username / Email Address",
		"fieldvalue": "autotest@test.com",
		"name": "Username / Email Address",
		"description": "",
		"overrideLabel": "",
		"required": "true",
		"minLength": "null",
		"maxLength": "100",
		"regex": "null",
		"viewFieldOptions": [],
		"type": "STRING",
		"fielderrormsg": "Email contains invalid characters."
	}, {
		"fieldname": "role",
		"fieldtype": "dropdownlist",
		"objectlocator": "xpath=//kendo-dropdownlist[@id='role']//span[@class='k-input']",
		"labletodisplay": "Role",
		"fieldvalue": "System Admin",
		"name": "Role",
		"description": "",
		"overrideLabel": "",
		"required": "true",
		"minLength": "",
		"maxLength": "",
		"regex": "",
		"viewFieldOptions": [],
		"type": "String",
		"fielderrormsg": "You must select at least one role."
	}, {
		"fieldname": "locked",
		"fieldtype": "dropdownlist",
		"objectlocator": "xpath=//kendo-dropdownlist[@id='isLocked']//span[@class='k-input']",
		"labletodisplay": "Locked",
		"fieldvalue": "Yes",
		"name": "Locked",
		"description": "",
		"overrideLabel": "",
		"required": "false",
		"minLength": "",
		"maxLength": "",
		"regex": "",
		"viewFieldOptions": [],
		"type": "String",
		"fielderrormsg": "You must select at least one role."
	}, {
		"fieldname": "timezone",
		"fieldtype": "dropdownlist",
		"objectlocator": "xpath=//kendo-dropdownlist[@id='timeZone']//span[@class='k-input']",
		"labletodisplay": "Time Zone",
		"fieldvalue": "America/New_York",
		"name": "Time Zone",
		"description": "",
		"overrideLabel": "",
		"required": "true",
		"minLength": "null",
		"maxLength": "null",
		"regex": "null",
		"viewFieldOptions": [],
		"type": "STRING",
		"fielderrormsg": "The field must be A valid timezone."
	}, {
		"fieldname": "oldPassword",
		"fieldtype": "textbox",
		"objectlocator": "xpath=//input[@formcontrolname='oldPassword']",
		"labletodisplay": "Old Password",
		"fieldvalue": "AAdmin.123",
		"name": "Old Password",
		"description": "",
		"overrideLabel": "",
		"required": "false",
		"minLength": "null",
		"maxLength": "100",
		"regex": "null",
		"viewFieldOptions": [],
		"type": "STRING",
		"fielderrormsg": "Old Password contains invalid characters."
	}, {
		"fieldname": "newPassword",
		"fieldtype": "textbox",
		"objectlocator": "xpath=//input[@formcontrolname='newPassword']",
		"labletodisplay": "New Password",
		"fieldvalue": "Pearson@123",
		"name": "New Password",
		"description": "",
		"overrideLabel": "",
		"required": "false",
		"minLength": "null",
		"maxLength": "100",
		"regex": "null",
		"viewFieldOptions": [],
		"type": "STRING",
		"fielderrormsg": "New Password contains invalid characters."
	}, {
		"fieldname": "confirmNewPassword",
		"fieldtype": "textbox",
		"objectlocator": "xpath=//input[@formcontrolname='confirmNewPassword']",
		"labletodisplay": "Confirm New Password",
		"fieldvalue": "Pearson@123",
		"name": "Confirm New Password",
		"description": "",
		"overrideLabel": "",
		"required": "false",
		"minLength": "null",
		"maxLength": "100",
		"regex": "null",
		"viewFieldOptions": [],
		"type": "STRING",
		"fielderrormsg": "Confirm New Password contains invalid characters."
	}],
	"organizationsfields": [{
		"fieldname": "OrganizationName",
		"fieldtype": "textbox",
		"objectlocator": "xpath=//pa-org-edit//form//input[@id='name']",
		"labletodisplay": "Organization Name",
		"fieldvalue": "AutoOrg@random@N",
		"name": "Organization Name",
		"description": "",
		"overrideLabel": "",
		"required": "true",
		"minLength": "null",
		"maxLength": "null",
		"regex": "null",
		"viewFieldOptions": [],
		"type": "STRING",
		"fielderrormsg": "Organization Name contains invalid characters."
	}, {
		"fieldname": "OrganizationType",
		"fieldtype": "dropdownlist",
		"objectlocator": "xpath=//pa-org-edit//form//kendo-dropdownlist[@formcontrolname='organizationTypeReferenceId']//span[@class='k-input']",
		"labletodisplay": "Organization Type",
		"fieldvalue": "District",
		"name": "Organization Type",
		"description": "",
		"overrideLabel": "",
		"required": "true",
		"minLength": "null",
		"maxLength": "null",
		"regex": "null",
		"viewFieldOptions": [],
		"type": "STRING",
		"fielderrormsg": "The field must be A valid data."
	}, {
		"fieldname": "DistrictCode",
		"fieldtype": "textbox",
		"objectlocator": "xpath=//pa-org-edit//form//input[@id='code']",
		"labletodisplay": "^pa.core.org.district.details.org.code",
		"fieldvalue": "Auto@random@N",
		"name": "District Code",
		"description": "",
		"overrideLabel": "",
		"required": "true",
		"minLength": "null",
		"maxLength": "null",
		"regex": "null",
		"viewFieldOptions": [],
		"type": "STRING",
		"fielderrormsg": "Organization Code contains invalid characters."
	}, {
		"fieldname": "SchoolCode",
		"fieldtype": "textbox",
		"objectlocator": "xpath=//pa-org-edit//form//input[@id='code']",
		"labletodisplay": "^pa.core.org.school.details.org.code",
		"fieldvalue": "Auto@random@N",
		"name": "School Code",
		"description": "",
		"overrideLabel": "",
		"required": "true",
		"minLength": "null",
		"maxLength": "null",
		"regex": "null",
		"viewFieldOptions": [],
		"type": "STRING",
		"fielderrormsg": "Organization Code contains invalid characters."
	}, {
		"fieldname": "ncesCode",
		"fieldtype": "textbox",
		"objectlocator": "xpath=//pa-org-edit//form//input[@id='ncesCode']",
		"labletodisplay": "NCES ID",
		"fieldvalue": "@random_6#@",
		"name": "NCES ID",
		"description": "",
		"overrideLabel": "",
		"required": "false",
		"minLength": "null",
		"maxLength": "null",
		"regex": "null",
		"viewFieldOptions": [],
		"type": "STRING",
		"fielderrormsg": "NCES ID contains invalid characters."
	}, {
		"fieldname": "phone",
		"fieldtype": "textbox",
		"objectlocator": "xpath=//pa-org-edit//form//input[@id='phone']",
		"labletodisplay": "Phone",
		"fieldvalue": "999-99-9999",
		"name": "Phone",
		"description": "",
		"overrideLabel": "",
		"required": "true",
		"minLength": "null",
		"maxLength": "null",
		"regex": "null",
		"viewFieldOptions": [],
		"type": "STRING",
		"fielderrormsg": "Phone contains invalid characters."

	}, {
		"fieldname": "fax",
		"fieldtype": "textbox",
		"objectlocator": "xpath=//pa-org-edit//form//input[@id='fax']",
		"labletodisplay": "Fax",
		"fieldvalue": "999-99-9999",
		"name": "Fax",
		"description": "",
		"overrideLabel": "",
		"required": "false",
		"minLength": "null",
		"maxLength": "null",
		"regex": "null",
		"viewFieldOptions": [],
		"type": "STRING",
		"fielderrormsg": "Phone contains invalid characters."
	}, {
		"fieldname": "ParentOrganization",
		"fieldtype": "label",
		"objectlocator": "xpath=//pa-org-edit//label[@for='parentName']/./following-sibling::span/span",
		"labletodisplay": "Parent Name",
		"fieldvalue": "Parent Name",
		"name": "Parent Organization",
		"description": "",
		"overrideLabel": "",
		"required": "false",
		"minLength": "null",
		"maxLength": "null",
		"regex": "null",
		"viewFieldOptions": [],
		"type": "STRING",
		"fielderrormsg": "Parent Organization must be a valid."
	}, {
		"fieldname": "parentCode",
		"fieldtype": "label",
		"objectlocator": "xpath=//pa-org-edit//label[@for='parentCode']/./following-sibling::span/span",
		"labletodisplay": "Parent Code",
		"fieldvalue": "Parent Code",
		"name": "Parent Organization Code",
		"description": "",
		"overrideLabel": "",
		"required": "false",
		"minLength": "null",
		"maxLength": "null",
		"regex": "null",
		"viewFieldOptions": [],
		"type": "STRING",
		"fielderrormsg": "Parent Organization Code must be a valid."

	}, {
		"fieldname": "address1",
		"fieldtype": "textbox",
		"objectlocator": "xpath=//pa-org-edit//form//input[@id='address1']",
		"labletodisplay": "Address Line 1",
		"fieldvalue": "TestAddress1",
		"name": "Address Line 1",
		"description": "",
		"overrideLabel": "",
		"required": "true",
		"minLength": "0",
		"maxLength": "null",
		"regex": "null",
		"viewFieldOptions": [],
		"type": "STRING",
		"fielderrormsg": "Address1 contains invalid characters."
	}, {
		"fieldname": "address2",
		"fieldtype": "textbox",
		"objectlocator": "xpath=//pa-org-edit//form//input[@id='address2']",
		"labletodisplay": "Address Line 2",
		"fieldvalue": "TestAddress2",
		"name": "Address Line 2",
		"description": "",
		"overrideLabel": "",
		"required": "false",
		"minLength": "0",
		"maxLength": "null",
		"regex": "null",
		"viewFieldOptions": [],
		"type": "STRING",
		"fielderrormsg": "Address2 contains invalid characters."
	}, {
		"fieldname": "city",
		"fieldtype": "textbox",
		"objectlocator": "xpath=//pa-org-edit//form//input[@id='city']",
		"labletodisplay": "City",
		"fieldvalue": "Testcity",
		"name": "City",
		"description": "",
		"overrideLabel": "",
		"required": "true",
		"minLength": "0",
		"maxLength": "null",
		"regex": "null",
		"viewFieldOptions": [],
		"type": "STRING",
		"fielderrormsg": "City contains invalid characters."
	}, {
		"fieldname": "stateTerritory",
		"fieldtype": "textbox",
		"objectlocator": "xpath=//pa-org-edit//form//input[@id='stateTerritory']",
		"labletodisplay": "State / Province / Region",
		"fieldvalue": "Testcity",
		"name": "State / Province / Region",
		"description": "",
		"overrideLabel": "",
		"required": "true",
		"minLength": "0",
		"maxLength": "null",
		"regex": "null",
		"viewFieldOptions": [],
		"type": "STRING",
		"fielderrormsg": "State/Province/ Region contains invalid characters."
	}, {
		"fieldname": "postCode",
		"fieldtype": "textbox",
		"objectlocator": "xpath=//pa-org-edit//form//input[@id='postCode']",
		"labletodisplay": "Zip / Postal Code",
		"fieldvalue": "99999",
		"name": "Zip/Postal Code",
		"description": "",
		"overrideLabel": "",
		"required": "true",
		"minLength": "0",
		"maxLength": "null",
		"regex": "null",
		"viewFieldOptions": [],
		"type": "STRING",
		"fielderrormsg": "Zip / Postal Code contains invalid characters."
	}, {
		"fieldname": "countryRegion",
		"fieldtype": "textbox",
		"objectlocator": "xpath=//pa-org-edit//form//input[@id='countryRegion']",
		"labletodisplay": "Country",
		"fieldvalue": "USA",
		"name": "Country",
		"description": "",
		"overrideLabel": "",
		"required": "true",
		"minLength": "0",
		"maxLength": "null",
		"regex": "null",
		"viewFieldOptions": [],
		"type": "STRING",
		"fielderrormsg": "Country contains invalid characters."
	}, {
		"fieldname": "administration",
		"fieldtype": "dropdownlist",
		"objectlocator": "xpath=//kendo-dropdownlist[@id='testadmin']//span[@class='k-input']",
		"labletodisplay": "Administration",
		"fieldvalue": "Fall Summative 18-19 SOL",
		"name": "Administration",
		"description": "",
		"overrideLabel": "",
		"required": "true",
		"minLength": "null",
		"maxLength": "null",
		"regex": "null",
		"viewFieldOptions": [],
		"type": "STRING",
		"fielderrormsg": "The field must be A valid data."
	}, {
		"fieldname": "StartDate",
		"fieldtype": "datepicker",
		"objectlocator": "xpath=//label[contains(.,'Start Date')]/following-sibling::kendo-datepicker//kendo-dateinput//input",
		"labletodisplay": "Testing window Start Date",
		"fieldvalue": "@random_1#@",
		"name": "Testing window Start Date",
		"description": "",
		"overrideLabel": "",
		"required": "true",
		"minLength": "null",
		"maxLength": "null",
		"regex": "null",
		"viewFieldOptions": [],
		"type": "DATE",
		"fielderrormsg": "The field must be A valid date time."
	}, {
		"fieldname": "EndDate",
		"fieldtype": "datepicker",
		"objectlocator": "xpath=//label[contains(.,'End Date')]/following-sibling::kendo-datepicker//kendo-dateinput//input",
		"labletodisplay": "Testing window End Date",
		"fieldvalue": "@random_20#@",
		"name": "Testing window End Date",
		"description": "",
		"overrideLabel": "",
		"required": "true",
		"minLength": "null",
		"maxLength": "null",
		"regex": "null",
		"viewFieldOptions": [],
		"type": "DATE",
		"fielderrormsg": "The field must be A valid date time."
	}, {
		"fieldname": "StartTime",
		"fieldtype": "datepicker",
		"objectlocator": "xpath=//kendo-timepicker[@formcontrolname='startTime']//kendo-dateinput//input",
		"labletodisplay": "Testing Start Time",
		"fieldvalue": "09:00 AM",
		"name": "Start Time",
		"description": "",
		"overrideLabel": "",
		"required": "false",
		"minLength": "null",
		"maxLength": "null",
		"regex": "null",
		"viewFieldOptions": [],
		"type": "DATE",
		"fielderrormsg": "The field must be A valid date time."
	}, {
		"fieldname": "EndTime",
		"fieldtype": "datepicker",
		"objectlocator": "xpath=//kendo-timepicker[@formcontrolname='endTime']//kendo-dateinput//input",
		"labletodisplay": "Testing End Time",
		"fieldvalue": "05:00 PM",
		"name": "Testing End Time",
		"description": "",
		"overrideLabel": "",
		"required": "false",
		"minLength": "null",
		"maxLength": "null",
		"regex": "null",
		"viewFieldOptions": [],
		"type": "DATE",
		"fielderrormsg": "The field must be A valid date time."
	}, {
		"fieldname": "sun",
		"fieldtype": "checkbox",
		"objectlocator": "xpath=//input[@id='sun']",
		"labletodisplay": "Su",
		"fieldvalue": "Yes",
		"name": "Su",
		"description": "",
		"overrideLabel": "",
		"required": "false",
		"minLength": "null",
		"maxLength": "null",
		"regex": "null",
		"viewFieldOptions": [],
		"type": "BOOLEAN",
		"fielderrormsg": "The field must be A valid date time."
	}, {
		"fieldname": "mon",
		"fieldtype": "checkbox",
		"objectlocator": "xpath=//input[@id='mon']",
		"labletodisplay": "M",
		"fieldvalue": "Yes",
		"name": "M",
		"description": "",
		"overrideLabel": "",
		"required": "false",
		"minLength": "null",
		"maxLength": "null",
		"regex": "null",
		"viewFieldOptions": [],
		"type": "BOOLEAN",
		"fielderrormsg": "The field must be A valid date time."
	}, {
		"fieldname": "tue",
		"fieldtype": "checkbox",
		"objectlocator": "xpath=//input[@id='tue']",
		"labletodisplay": "Tu",
		"fieldvalue": "Yes",
		"name": "Tu",
		"description": "",
		"overrideLabel": "",
		"required": "false",
		"minLength": "null",
		"maxLength": "null",
		"regex": "null",
		"viewFieldOptions": [],
		"type": "BOOLEAN",
		"fielderrormsg": "The field must be A valid date time."
	}, {
		"fieldname": "wed",
		"fieldtype": "checkbox",
		"objectlocator": "xpath=//input[@id='wed']",
		"labletodisplay": "W",
		"fieldvalue": "Yes",
		"name": "W",
		"description": "",
		"overrideLabel": "",
		"required": "false",
		"minLength": "null",
		"maxLength": "null",
		"regex": "null",
		"viewFieldOptions": [],
		"type": "BOOLEAN",
		"fielderrormsg": "The field must be A valid date time."
	}, {
		"fieldname": "thur",
		"fieldtype": "checkbox",
		"objectlocator": "xpath=//input[@id='thur']",
		"labletodisplay": "Th",
		"fieldvalue": "Yes",
		"name": "Th",
		"description": "",
		"overrideLabel": "",
		"required": "false",
		"minLength": "null",
		"maxLength": "null",
		"regex": "null",
		"viewFieldOptions": [],
		"type": "BOOLEAN",
		"fielderrormsg": "The field must be A valid date time."
	}, {
		"fieldname": "fri",
		"fieldtype": "checkbox",
		"objectlocator": "xpath=//input[@id='fri']",
		"labletodisplay": "F",
		"fieldvalue": "Yes",
		"name": "F",
		"description": "",
		"overrideLabel": "",
		"required": "false",
		"minLength": "null",
		"maxLength": "null",
		"regex": "null",
		"viewFieldOptions": [],
		"type": "BOOLEAN",
		"fielderrormsg": "The field must be A valid date time."
	}, {
		"fieldname": "sat",
		"fieldtype": "checkbox",
		"objectlocator": "xpath=//input[@id='sat']",
		"labletodisplay": "Sa",
		"fieldvalue": "Yes",
		"name": "Sa",
		"description": "",
		"overrideLabel": "",
		"required": "false",
		"minLength": "null",
		"maxLength": "null",
		"regex": "null",
		"viewFieldOptions": [],
		"type": "BOOLEAN",
		"fielderrormsg": "The field must be A valid date time."
	}],
	"orgcontactfields": [{
		"fieldname": "contacttype",
		"fieldtype": "dropdownlist",
		"objectlocator": "xpath=//pa-org-edit//kendo-dropdownlist//span[@class='k-select']",
		"labletodisplay": "Contact Type",
		"fieldvalue": "Test",
		"name": "Contact Type",
		"description": "",
		"overrideLabel": "",
		"required": "true",
		"minLength": "null",
		"maxLength": "null",
		"regex": "null",
		"viewFieldOptions": [],
		"type": "STRING",
		"fielderrormsg": "The field must be A valid data."

	}, {
		"fieldname": "title",
		"fieldtype": "textbox",
		"objectlocator": "xpath=//pa-org-edit//div[2]/span/input[1]",
		"labletodisplay": "Title",
		"fieldvalue": "TestTitle",
		"name": "Title",
		"description": "",
		"overrideLabel": "",
		"required": "false",
		"minLength": "0",
		"maxLength": "null",
		"regex": "null",
		"viewFieldOptions": [],
		"type": "STRING",
		"fielderrormsg": "contact tile contains invalid characters. The field must be Alphanumeric, Apostrophe, Period(.), Hyphen(-), or Embedded spaces."
	}, {
		"fieldname": "contactName",
		"fieldtype": "textbox",
		"objectlocator": "xpath=//input[@id='contactName']",
		"labletodisplay": "Name",
		"fieldvalue": "Testsession",
		"name": "Name",
		"description": "",
		"overrideLabel": "",
		"required": "true",
		"minLength": "0",
		"maxLength": "null",
		"regex": "null",
		"viewFieldOptions": [],
		"type": "STRING",
		"fielderrormsg": "contact Name contains invalid characters. The field must be Alphanumeric, Apostrophe, Period(.), Hyphen(-), or Embedded spaces."
	}, {
		"fieldname": "email",
		"fieldtype": "textbox",
		"objectlocator": "xpath=//input[@id='contactEmail']",
		"labletodisplay": "Email",
		"fieldvalue": "Testemail",
		"name": "Email",
		"description": "",
		"overrideLabel": "",
		"required": "true",
		"minLength": "0",
		"maxLength": "null",
		"regex": "null",
		"viewFieldOptions": [],
		"type": "STRING",
		"fielderrormsg": "contact email contains invalid characters. The field must be Alphanumeric, Apostrophe, Period(.), Hyphen(-), or Embedded spaces."

	}, {
		"fieldname": "phone",
		"fieldtype": "textbox",
		"objectlocator": "xpath=//input[@id='contactPhone']",
		"labletodisplay": "Phone",
		"fieldvalue": "999-99-9999",
		"name": "Phone",
		"description": "",
		"overrideLabel": "",
		"required": "true",
		"minLength": "0",
		"maxLength": "null",
		"regex": "null",
		"viewFieldOptions": [],
		"type": "STRING",
		"fielderrormsg": "contact phone contains invalid characters. The field must be Alphanumeric, Apostrophe, Period(.), Hyphen(-), or Embedded spaces."
	}, {
		"fieldname": "address1",
		"fieldtype": "textbox",
		"objectlocator": "xpath=//pa-org-edit//div[6]/span/input[1]",
		"labletodisplay": "Address 1",
		"fieldvalue": "TestAddress1",
		"name": "Address1",
		"description": "",
		"overrideLabel": "",
		"required": "true",
		"minLength": "0",
		"maxLength": "null",
		"regex": "null",
		"viewFieldOptions": [],
		"type": "STRING",
		"fielderrormsg": "contact Address1 contains invalid characters. The field must be Alphanumeric, Apostrophe, Period(.), Hyphen(-), or Embedded spaces."
	}, {
		"fieldname": "address2",
		"fieldtype": "textbox",
		"objectlocator": "xpath=//pa-org-edit//div[7]/span/input[1]",
		"labletodisplay": "Address 2",
		"fieldvalue": "TestAddress2",
		"name": "Address 2",
		"description": "",
		"overrideLabel": "",
		"required": "false",
		"minLength": "0",
		"maxLength": "null",
		"regex": "null",
		"viewFieldOptions": [],
		"type": "STRING",
		"fielderrormsg": "contact Address2 contains invalid characters. The field must be Alphanumeric, Apostrophe, Period(.), Hyphen(-), or Embedded spaces."
	}, {
		"fieldname": "city",
		"fieldtype": "textbox",
		"objectlocator": "xpath=//pa-org-edit//div[8]/span/input[1]",
		"labletodisplay": "City",
		"fieldvalue": "Testcity",
		"name": "City",
		"description": "",
		"overrideLabel": "",
		"required": "true",
		"minLength": "0",
		"maxLength": "null",
		"regex": "null",
		"viewFieldOptions": [],
		"type": "STRING",
		"fielderrormsg": "contact city contains invalid characters. The field must be Alphanumeric, Apostrophe, Period(.), Hyphen(-), or Embedded spaces."
	}, {
		"fieldname": "stateTerritory",
		"fieldtype": "textbox",
		"objectlocator": "xpath=//pa-org-edit//div[9]/span/input[1]",
		"labletodisplay": "State/Province/ Region",
		"fieldvalue": "Testcity",
		"name": "State/Province/ Region",
		"description": "",
		"overrideLabel": "",
		"required": "true",
		"minLength": "0",
		"maxLength": "null",
		"regex": "null",
		"viewFieldOptions": [],
		"type": "STRING",
		"fielderrormsg": "contact city contains invalid characters. The field must be Alphanumeric, Apostrophe, Period(.), Hyphen(-), or Embedded spaces."
	}, {
		"fieldname": "postCode",
		"fieldtype": "textbox",
		"objectlocator": "xpath=//pa-org-edit//div[10]/span/input[1]",
		"labletodisplay": "Zip/Postal Code",
		"fieldvalue": "99999",
		"name": "Zip/Postal Code",
		"description": "",
		"overrideLabel": "",
		"required": "true",
		"minLength": "0",
		"maxLength": "null",
		"regex": "null",
		"viewFieldOptions": [],
		"type": "STRING",
		"fielderrormsg": "contact zip contains invalid characters. The field must be Alphanumeric, Apostrophe, Period(.), Hyphen(-), or Embedded spaces."
	}, {
		"fieldname": "countryRegion",
		"fieldtype": "textbox",
		"objectlocator": "xpath=//pa-org-edit//div[11]/span/input[1]",
		"labletodisplay": "Country",
		"fieldvalue": "USA",
		"name": "Country",
		"description": "",
		"overrideLabel": "",
		"required": "true",
		"minLength": "0",
		"maxLength": "null",
		"regex": "null",
		"viewFieldOptions": [],
		"type": "STRING",
		"fielderrormsg": "contact country contains invalid characters. The field must be Alphanumeric, Apostrophe, Period(.), Hyphen(-), or Embedded spaces."
	}],
	"orderfields": [{
		"fieldname": "testadministration",
		"fieldtype": "dropdownlist",
		"objectlocator": "xpath=//kendo-dropdownlist[@id='testadmin']//span[@class='k-input']",
		"labletodisplay": "Test Administration",
		"fieldvalue": "DD Summative Spring 2020",
		"name": "Test Administration",
		"description": "",
		"overrideLabel": "",
		"required": "true",
		"minLength": "null",
		"maxLength": "null",
		"regex": "null",
		"viewFieldOptions": [],
		"type": "STRING",
		"fielderrormsg": "The field must be A valid data."
	}, {
		"fieldname": "OrderingOrg",
		"fieldtype": "label",
		"objectlocator": "xpath=//pa-order-edit//label[@for='orgName']/./following-sibling::span",
		"labletodisplay": "Ordering",
		"fieldvalue": "Virginia",
		"name": "Ordering",
		"description": "",
		"overrideLabel": "",
		"required": "false",
		"minLength": "null",
		"maxLength": "null",
		"regex": "null",
		"viewFieldOptions": [],
		"type": "STRING",
		"fielderrormsg": "Ordering State must be a valid."
	}, {
		"fieldname": "Shiptodistrict",
		"fieldtype": "dropdownlist",
		"objectlocator": "xpath=//kendo-dropdownlist[@id='district']//span[@class='k-input']",
		"labletodisplay": "Ship to District",
		"fieldvalue": "District 1",
		"name": "Ship to District",
		"description": "",
		"overrideLabel": "",
		"required": "true",
		"minLength": "null",
		"maxLength": "null",
		"regex": "null",
		"viewFieldOptions": [],
		"type": "STRING",
		"fielderrormsg": "The Ship to District must be A valid data."
	}, {
		"fieldname": "Shiptoschool",
		"fieldtype": "dropdownlist",
		"objectlocator": "xpath=//kendo-dropdownlist[@id='school']//span[@class='k-input']",
		"labletodisplay": "Ship to School",
		"fieldvalue": "School 1",
		"name": "Ship to School",
		"description": "",
		"overrideLabel": "",
		"required": "true",
		"minLength": "null",
		"maxLength": "null",
		"regex": "null",
		"viewFieldOptions": [],
		"type": "STRING",
		"fielderrormsg": "The Ship to School field must be A valid data."
	}, {
		"fieldname": "ShiptoContact",
		"fieldtype": "label",
		"objectlocator": "xpath=//pa-order-edit//label[contains(.,'Ship to Contact')]/./following-sibling::span",
		"labletodisplay": "Ship to Contact",
		"fieldvalue": "Virginia",
		"name": "Ship to Contact",
		"description": "",
		"overrideLabel": "",
		"required": "false",
		"minLength": "null",
		"maxLength": "null",
		"regex": "null",
		"viewFieldOptions": [],
		"type": "STRING",
		"fielderrormsg": "Ship to Contact must be a valid."
	}, {
		"fieldname": "ShiptoAddress",
		"fieldtype": "label",
		"objectlocator": "xpath=//pa-order-edit//label[contains(.,'Ship to Address')]/./following-sibling::span",
		"labletodisplay": "Ship to Address",
		"fieldvalue": "Virginia",
		"name": "Ship to Address",
		"description": "",
		"overrideLabel": "",
		"required": "false",
		"minLength": "null",
		"maxLength": "null",
		"regex": "null",
		"viewFieldOptions": [],
		"type": "STRING",
		"fielderrormsg": "Ship to Address must be a valid."
	}, {
		"fieldname": "Orderedby",
		"fieldtype": "label",
		"objectlocator": "xpath=//pa-order-edit//label[contains(.,'Ordered by')]/./following-sibling::span",
		"labletodisplay": "Ordered by",
		"fieldvalue": "ThulasiramB",
		"name": "Ordered by",
		"description": "",
		"overrideLabel": "",
		"required": "false",
		"minLength": "null",
		"maxLength": "null",
		"regex": "null",
		"viewFieldOptions": [],
		"type": "STRING",
		"fielderrormsg": "Ship to Address must be a valid."
	}, {
		"fieldname": "NeededDate",
		"fieldtype": "datepicker",
		"objectlocator": "xpath=//label[contains(.,'Needed Date')]/following-sibling::kendo-datepicker[@formcontrolname='needByDate']//kendo-dateinput//input",
		"labletodisplay": "Needed Date",
		"fieldvalue": "@random_1#@",
		"name": "Needed Date",
		"description": "",
		"overrideLabel": "",
		"required": "true",
		"minLength": "null",
		"maxLength": "null",
		"regex": "null",
		"viewFieldOptions": [],
		"type": "DATE",
		"fielderrormsg": "The field must be A valid date time."
	}, {
		"fieldname": "shippingMethod",
		"fieldtype": "dropdownlist",
		"objectlocator": "xpath=//kendo-dropdownlist[@id='shippingMethod']//span[@class='k-input']",
		"labletodisplay": "Shipping Method",
		"fieldvalue": "Other",
		"name": "Shipping Method",
		"description": "",
		"overrideLabel": "",
		"required": "true",
		"minLength": "null",
		"maxLength": "null",
		"regex": "null",
		"viewFieldOptions": [],
		"type": "STRING",
		"fielderrormsg": "The Shipping Method field must be A valid data."
	}, {
		"fieldname": "reasonCode",
		"fieldtype": "dropdownlist",
		"objectlocator": "xpath=//kendo-dropdownlist[@id='reasonCode']//span[@class='k-input']",
		"labletodisplay": "Reason Code",
		"fieldvalue": "Other",
		"name": "Reason Code",
		"description": "",
		"overrideLabel": "",
		"required": "true",
		"minLength": "null",
		"maxLength": "null",
		"regex": "null",
		"viewFieldOptions": [],
		"type": "STRING",
		"fielderrormsg": "The Reason Code field must be A valid data."
	}, {
		"fieldname": "reasonCodeNotes",
		"fieldtype": "textbox",
		"objectlocator": "xpath=//textarea[@id='reasonCodeNotes']",
		"labletodisplay": "Reason Code Notes",
		"fieldvalue": "Reasoncodenotes@random@N",
		"name": "Reason Code Notes",
		"description": "",
		"overrideLabel": "",
		"required": "false",
		"minLength": "null",
		"maxLength": "null",
		"regex": "null",
		"viewFieldOptions": [],
		"type": "STRING",
		"fielderrormsg": "The field must be A valid data."
	}, {
		"fieldname": "internalNotes",
		"fieldtype": "textbox",
		"objectlocator": "xpath=//textarea[@id='internalNotes']",
		"labletodisplay": "Internal Comments",
		"fieldvalue": "Autonotes@random@N",
		"name": "Internal Comments",
		"description": "",
		"overrideLabel": "",
		"required": "false",
		"minLength": "null",
		"maxLength": "null",
		"regex": "null",
		"viewFieldOptions": [],
		"type": "STRING",
		"fielderrormsg": "The field must be A valid data."
	}, {
		"fieldname": "notes",
		"fieldtype": "textbox",
		"objectlocator": "xpath=//textarea[@id='notes']",
		"labletodisplay": "Notes to Pearson",
		"fieldvalue": "Autonotes@random@N",
		"name": "Notes to Pearson",
		"description": "",
		"overrideLabel": "",
		"required": "false",
		"minLength": "null",
		"maxLength": "null",
		"regex": "null",
		"viewFieldOptions": [],
		"type": "STRING",
		"fielderrormsg": "The field must be A valid data."
	}, {
		"fieldname": "ActualNeededDate",
		"fieldtype": "datepicker",
		"objectlocator": "xpath=//label[contains(.,'Actual Needed Date')]/following-sibling::kendo-datepicker[@formcontrolname='actualNeedByDate']//kendo-dateinput//input",
		"labletodisplay": "Actual Needed Date",
		"fieldvalue": "@random_1#@",
		"name": "Actual Needed Date",
		"description": "",
		"overrideLabel": "",
		"required": "true",
		"minLength": "null",
		"maxLength": "null",
		"regex": "null",
		"viewFieldOptions": [],
		"type": "DATE",
		"fielderrormsg": "The field must be A valid date time."
	}]
}, {
	"Name": "Core_Engineering1",
	"Program": "CE Reference1",
	"Year": "2018 - 2019",
	"Admin": "UI Refresh - Admin 2",
	"State": "Core UIR Reference Root",
	"School": "SCHL AA ",
	"Distict": "DIST AB ",
	"sessionfields": [{
		"fieldname": "sessionName",
		"fieldtype": "textbox",
		"objectlocator": "xpath=//pa-session-edit//form//input[@id='name']",
		"labletodisplay": "Session Name",
		"fieldvalue": "AutoSession@random@N",
		"name": "Session Name",
		"description": "",
		"overrideLabel": "",
		"required": "true",
		"minLength": "0",
		"maxLength": "100",
		"regex": "null",
		"viewFieldOptions": [],
		"type": "STRING",
		"fielderrormsg": "Session Name contains invalid characters. The field must be Alphanumeric, Apostrophe, Period(.), Hyphen(-), or Embedded spaces."
	}, {
		"fieldname": "school",
		"fieldtype": "dropdownlist",
		"objectlocator": "xpath=//kendo-dropdownlist[@id='org']//span[@class='k-input']",
		"labletodisplay": "^pa.core.session.create.school.label",
		"fieldvalue": "School 1",
		"name": "School",
		"description": "",
		"overrideLabel": "",
		"required": "true",
		"minLength": "null",
		"maxLength": "null",
		"regex": "null",
		"viewFieldOptions": [],
		"type": "STRING",
		"fielderrormsg": "The field must be A valid data."
	}, {
		"fieldname": "administration",
		"fieldtype": "dropdownlist",
		"objectlocator": "xpath=//kendo-dropdownlist[@id='testadmin']//span[@class='k-input']",
		"labletodisplay": "Administration",
		"fieldvalue": "Fall Summative 18-19 SOL",
		"name": "Administration",
		"description": "",
		"overrideLabel": "",
		"required": "true",
		"minLength": "null",
		"maxLength": "null",
		"regex": "null",
		"viewFieldOptions": [],
		"type": "STRING",
		"fielderrormsg": "The field must be A valid data."
	}, {
		"fieldname": "test",
		"fieldtype": "dropdownlist",
		"objectlocator": "xpath=//kendo-dropdownlist[@id='test']//span[@class='k-input']",
		"labletodisplay": "Test",
		"fieldvalue": "Grade 4 Math",
		"name": "Test",
		"description": "",
		"overrideLabel": "",
		"required": "true",
		"minLength": "null",
		"maxLength": "null",
		"regex": "null",
		"viewFieldOptions": [],
		"type": "STRING",
		"fielderrormsg": "The field must be A valid data."
	}, {
		"fieldname": "StartDate",
		"fieldtype": "datepicker",
		"objectlocator": "xpath=//label[contains(.,'Start Date')]/following-sibling::kendo-datepicker//kendo-dateinput//input",
		"labletodisplay": "Start Date",
		"fieldvalue": "04042019",
		"name": "Start Date",
		"description": "",
		"overrideLabel": "",
		"required": "true",
		"minLength": "null",
		"maxLength": "null",
		"regex": "null",
		"viewFieldOptions": [],
		"type": "DATE",
		"fielderrormsg": "The field must be A valid date time."
	}, {
		"fieldname": "EndDate",
		"fieldtype": "datepicker",
		"objectlocator": "xpath=//label[contains(.,'End Date')]/following-sibling::kendo-datepicker//kendo-dateinput//input",
		"labletodisplay": "End Date",
		"fieldvalue": "04042019",
		"name": "End Date",
		"description": "",
		"overrideLabel": "",
		"required": "true",
		"minLength": "null",
		"maxLength": "null",
		"regex": "null",
		"viewFieldOptions": [],
		"type": "DATE",
		"fielderrormsg": "The field must be A valid date time."
	}, {
		"fieldname": "StartTime",
		"fieldtype": "datepicker",
		"objectlocator": "xpath=//kendo-timepicker[@formcontrolname='startTime']//kendo-dateinput//input",
		"labletodisplay": "Start Time",
		"fieldvalue": "09:00",
		"name": "Start Time",
		"description": "",
		"overrideLabel": "",
		"required": "false",
		"minLength": "null",
		"maxLength": "null",
		"regex": "null",
		"viewFieldOptions": [],
		"type": "DATE",
		"fielderrormsg": "The field must be A valid date time."
	}, {
		"fieldname": "EndTime",
		"fieldtype": "datepicker",
		"objectlocator": "xpath=//kendo-timepicker[@formcontrolname='endTime']//kendo-dateinput//input",
		"labletodisplay": "End Time",
		"fieldvalue": "17:00",
		"name": "End Time",
		"description": "",
		"overrideLabel": "",
		"required": "false",
		"minLength": "null",
		"maxLength": "null",
		"regex": "null",
		"viewFieldOptions": [],
		"type": "DATE",
		"fielderrormsg": "The field must be A valid date time."
	}],
	"classfields": [{
		"fieldname": "className",
		"fieldtype": "textbox",
		"objectlocator": "xpath=//pa-class-info//form//input[@id='name']",
		"labletodisplay": "Class Name",
		"fieldvalue": "AutoClass@random@N",
		"name": "Class Name",
		"description": "",
		"overrideLabel": "",
		"required": "true",
		"minLength": "0",
		"maxLength": "100",
		"regex": "null",
		"viewFieldOptions": [],
		"type": "STRING",
		"fielderrormsg": "Class Name contains invalid characters. The field must be Alphanumeric, Apostrophe, Period(.), Hyphen(-), or Embedded spaces."
	}, {
		"fieldname": "teacher",
		"fieldtype": "dropdownlist",
		"objectlocator": "xpath=//pa-class-info//kendo-multiselect//kendo-searchbar[@class='k-searchbar'];xpath=//pa-class-info//kendo-multiselect//kendo-searchbar[@class='k-searchbar']",
		"labletodisplay": "Teacher(s)",
		"fieldvalue": "",
		"name": "Teacher(s)",
		"description": "",
		"overrideLabel": "",
		"required": "false",
		"minLength": "null",
		"maxLength": "null",
		"regex": "null",
		"viewFieldOptions": [],
		"type": "STRING",
		"fielderrormsg": "The field must be A valid data."
	}, {

		"fieldname": "school",
		"fieldtype": "dropdownlist",
		"objectlocator": "xpath=//kendo-dropdownlist[@id='org']//span[@class='k-input']",
		"labletodisplay": "School",
		"fieldvalue": "School 1",
		"name": "School",
		"description": "",
		"overrideLabel": "",
		"required": "true",
		"minLength": "null",
		"maxLength": "null",
		"regex": "null",
		"viewFieldOptions": [],
		"type": "STRING",
		"fielderrormsg": "The field must be A valid data."
	}, {
		"fieldname": "StartDate",
		"fieldtype": "datepicker",
		"objectlocator": "xpath=//label[contains(.,'Start Date')]/following-sibling::kendo-datepicker//kendo-dateinput//input",
		"labletodisplay": "Start Date",
		"fieldvalue": "04042019",
		"name": "Start Date",
		"description": "",
		"overrideLabel": "",
		"required": "true",
		"minLength": "null",
		"maxLength": "null",
		"regex": "null",
		"viewFieldOptions": [],
		"type": "DATE",
		"fielderrormsg": "The field must be A valid date time."
	}, {
		"fieldname": "EndDate",
		"fieldtype": "datepicker",
		"objectlocator": "xpath=//label[contains(.,'End Date')]/following-sibling::kendo-datepicker//kendo-dateinput//input",
		"labletodisplay": "End Date",
		"fieldvalue": "04042019",
		"name": "End Date",
		"description": "",
		"overrideLabel": "",
		"required": "true",
		"minLength": "null",
		"maxLength": "null",
		"regex": "null",
		"viewFieldOptions": [],
		"type": "DATE",
		"fielderrormsg": "The field must be A valid date time."
	}],
	"studentfields": [{
		"fieldname": "lastName",
		"fieldtype": "textbox",
		"objectlocator": "xpath=//textarea[@id='lastName']",
		"labletodisplay": "Last or Surname",
		"fieldvalue": "TestRaghu",
		"name": "Last Name",
		"description": "",
		"overrideLabel": "Last or Surname",
		"required": "true",
		"minLength": "null",
		"maxLength": "100",
		"regex": "null",
		"viewFieldOptions": [],
		"type": "STRING",
		"fielderrormsg": "The field must be A valid data."
	}, {
		"fieldname": "firstName",
		"fieldtype": "textbox",
		"objectlocator": "xpath=//textarea[@id='firstName']",
		"labletodisplay": "First Name",
		"fieldvalue": "TestRaghu",
		"name": "First Name",
		"description": "",
		"overrideLabel": "",
		"required": "true",
		"minLength": "null",
		"maxLength": "100",
		"regex": "null",
		"viewFieldOptions": [],
		"type": "STRING",
		"fielderrormsg": "The field must be A valid data."
	}, {
		"fieldname": "middlename",
		"fieldtype": "textbox",
		"objectlocator": "xpath=//textarea[@id='middleName']",
		"labletodisplay": "Middle Name",
		"fieldvalue": "TestRaghu",
		"name": "Middle Name",
		"description": "",
		"overrideLabel": "",
		"required": "false",
		"minLength": "null",
		"maxLength": "100",
		"regex": "null",
		"viewFieldOptions": [],
		"type": "STRING",
		"fielderrormsg": "The field must be A valid data."
	}, {
		"fieldname": "SateID",
		"fieldtype": "textbox",
		"objectlocator": "xpath\u003d//label[@for='code']/following-sibling::div/input",
		"labletodisplay": "State Student Identifier",
		"fieldvalue": "TestRaghu",
		"name": "State Identifier",
		"description": "",
		"overrideLabel": "State Student Identifier",
		"required": "true",
		"minLength": "null",
		"maxLength": "30",
		"regex": "null",
		"viewFieldOptions": [],
		"type": "STRING",
		"fielderrormsg": "The field must be A valid data."
	}, {
		"fieldname": "gender",
		"fieldtype": "dropdownlist",
		"objectlocator": "xpath=//palib-dropdownlist[@id='gender']//kendo-dropdownlist//span[@class='k-input']",
		"labletodisplay": "Gender",
		"fieldvalue": "TestRaghu",
		"name": "Gender",
		"description": "null",
		"overrideLabel": "",
		"required": "false",
		"minLength": "null",
		"maxLength": "1",
		"regex": "",
		"viewFieldOptions": [{
			"name": "Male",
			"displayOrder": 0,
			"value": "M"
		}, {
			"name": "Female",
			"displayOrder": 1,
			"value": "F"
		}],
		"type": "STRING",
		"fielderrormsg": "The field must be A valid data."
	}],
	"userfields": [{
		"fieldname": "roles",
		"fieldtype": "dropdownlist",
		"objectlocator": "xpath=//label[contains(.,'Selected Role')]/following-sibling::kendo-multiselect//kendo-searchbar/input",
		"labletodisplay": "Selected Role(s)",
		"fieldvalue": "TestRaghu",
		"name": "Selected Role(s)",
		"description": "Selected Role(s)",
		"overrideLabel": "Selected Role(s)",
		"required": "true",
		"minLength": "",
		"maxLength": "",
		"regex": "",
		"viewFieldOptions": [],
		"type": "String",
		"fielderrormsg": "You must select at least one role."
	}, {
		"fieldname": "organizations",
		"fieldtype": "dropdownlist",
		"objectlocator": "xpath=//pa-org-selector//kendo-multiselect//kendo-searchbar//input[@id='orgFilters[0]']",
		"labletodisplay": "Selected Organization(s)",
		"fieldvalue": "TestRaghu",
		"name": "Selected Organization(s)",
		"description": "Selected Organization(s)",
		"overrideLabel": "Selected Organization(s)",
		"required": "true",
		"minLength": "",
		"maxLength": "",
		"regex": "",
		"viewFieldOptions": [],
		"type": "STRING",
		"fielderrormsg": "You must select at least one org."
	}, {
		"fieldname": "firstName",
		"fieldtype": "textbox",
		"objectlocator": "xpath=//textarea[@id='firstName']",
		"labletodisplay": "First Name",
		"fieldvalue": "TestRaghu",
		"name": "First Name",
		"description": "",
		"overrideLabel": "",
		"required": "true",
		"minLength": "0",
		"maxLength": "50",
		"regex": "^[a-zA-Z0-9\\.\\-\\'\\ ]*$",
		"viewFieldOptions": [],
		"type": "STRING",
		"fielderrormsg": "First Name contains invalid characters. The field must be Alphanumeric, Apostrophe, Period(.), Hyphen(-), or Embedded spaces."
	}, {
		"fieldname": "activeEndDate",
		"fieldtype": "datepicker",
		"objectlocator": "xpath=//label[contains(.,'Active End Date')]/following-sibling::kendo-datepicker//kendo-dateinput//input",
		"labletodisplay": "Active End Date",
		"fieldvalue": "TestRaghu",
		"name": "Active End Date",
		"description": "",
		"overrideLabel": "",
		"required": "false",
		"minLength": "null",
		"maxLength": "null",
		"regex": "null",
		"viewFieldOptions": [],
		"type": "DATE",
		"fielderrormsg": "Active End Date contains invalid characters. The field must be A valid date."
	}],
	"organizationsfields": [{
		"fieldname": "orgTypes",
		"fieldtype": "dropdownlist",
		"objectlocator": "xpath=//palib-dropdownlist[@id='orgTypes']//kendo-dropdownlist//span[@class='k-input']",
		"labletodisplay": "Type",
		"fieldvalue": "TestRaghu",
		"name": "Type",
		"description": "Type",
		"overrideLabel": "",
		"required": "true",
		"minLength": "",
		"maxLength": "",
		"regex": "",
		"viewFieldOptions": [],
		"type": "String",
		"fielderrormsg": "You must select at least one type."
	}, {
		"fieldname": "shippingDockAvailable",
		"fieldtype": "checkbox",
		"objectlocator": "xpath=//palib-checkbox/div//label[@for='shippingDockAvailable']",
		"labletodisplay": "Shipping Dock Available",
		"name": "Shipping Dock Available",
		"fieldvalue": "TestRaghu",
		"description": "",
		"overrideLabel": "",
		"required": "false",
		"minLength": "null",
		"maxLength": "null",
		"regex": "",
		"viewFieldOptions": [],
		"type": "BOOLEAN",
		"fielderrormsg": ""

	}]
}]