[{
                "api": 1,
                "apiurl":1213,
                "time": 2819
}, {
                "api": 2,
                "apiurl":1140,
                "time": 558
}, {
                "api": 3,
                "apiurl":1000,
                "time": 0
}, {
                "api": 4,
                "apiurl":200,
                "time": 278
}, {
                "api": 5,
                "apiurl":350,
                "time": 369
}, {
                "api": 6,
                "apiurl":470,
                "time": 302
}, {
                "api": 7,
                "apiurl":300,
                "time": 824
}, {
                "api": 8,
                "apiurl":350,
                "time": 213
}, {
                "api": 9,
                "apiurl":780,
                "time": 12
}]
