{
	"issueList": [{
		"summary": "Get Customer XML",
		"Issue_key": "COB-349",
		"RunMode": "Yes",
		"TestResultStatus": "Failed"
	}, {
		"summary": "View Customer details",
		"Issue_key": "COB-348",
		"RunMode": "Yes",
		"TestResultStatus": "Failed"
	}, {
		"summary": "Device Details",
		"Issue_key": "COB-347",
		"RunMode": "Yes",
		"TestResultStatus": "Failed"
	}, {
		"summary": "Get all device details",
		"Issue_key": "COB-346",
		"RunMode": "Yes",
		"TestResultStatus": "Pass"
	}, {
		"summary": "Get device details",
		"Issue_key": "COB-345",
		"RunMode": "No"
	}, {
		"summary": "Add device to account",
		"Issue_key": "COB-344",
		"RunMode": "Yes",
		"TestResultStatus": "Pass",
		"issueDependentList": [{
			"summary": "Add device to account",
			"Issue_key": "COB-344"
		}, {
			"summary": "Get device details",
			"Issue_key": "COB-343"
		}, {
			"summary": "Update device details",
			"Issue_key": "COB-342"
		}, {
			"summary": "Get device details",
			"Issue_key": "COB-341"
		}, {
			"summary": "Delete device ",
			"Issue_key": "COB-340"
		}]
	}, {
		"summary": "Get device details",
		"Issue_key": "COB-343",
		"RunMode": "Yes",
		"TestResultStatus": "Failed",
		"issueDependentList": [{
			"summary": "Add device to account",
			"Issue_key": "COB-344"
		}, {
			"summary": "Get device details",
			"Issue_key": "COB-343"
		}, {
			"summary": "Update device details",
			"Issue_key": "COB-342"
		}, {
			"summary": "Get device details",
			"Issue_key": "COB-341"
		}, {
			"summary": "Delete device ",
			"Issue_key": "COB-340"
		}]
	}, {
		"summary": "Update device details",
		"Issue_key": "COB-342",
		"RunMode": "Yes",
		"TestResultStatus": "Failed",
		"issueDependentList": [{
			"summary": "Add device to account",
			"Issue_key": "COB-344"
		}, {
			"summary": "Get device details",
			"Issue_key": "COB-343"
		}, {
			"summary": "Update device details",
			"Issue_key": "COB-342"
		}, {
			"summary": "Get device details",
			"Issue_key": "COB-341"
		}, {
			"summary": "Delete device ",
			"Issue_key": "COB-340"
		}]
	}, {
		"summary": "Get device details",
		"Issue_key": "COB-341",
		"RunMode": "Yes",
		"TestResultStatus": "Pass",
		"issueDependentList": [{
			"summary": "Add device to account",
			"Issue_key": "COB-344"
		}, {
			"summary": "Get device details",
			"Issue_key": "COB-343"
		}, {
			"summary": "Update device details",
			"Issue_key": "COB-342"
		}, {
			"summary": "Get device details",
			"Issue_key": "COB-341"
		}, {
			"summary": "Delete device ",
			"Issue_key": "COB-340"
		}]
	}, {
		"summary": "Delete device ",
		"Issue_key": "COB-340",
		"RunMode": "Yes",
		"TestResultStatus": "Failed",
		"issueDependentList": [{
			"summary": "Add device to account",
			"Issue_key": "COB-344"
		}, {
			"summary": "Get device details",
			"Issue_key": "COB-343"
		}, {
			"summary": "Update device details",
			"Issue_key": "COB-342"
		}, {
			"summary": "Get device details",
			"Issue_key": "COB-341"
		}, {
			"summary": "Delete device ",
			"Issue_key": "COB-340"
		}]
	}, {
		"summary": "Get all device details",
		"Issue_key": "COB-339",
		"RunMode": "Yes",
		"TestResultStatus": "Pass"
	}, {
		"summary": "Get all device details",
		"Issue_key": "COB-338",
		"RunMode": "Yes",
		"TestResultStatus": "Pass"
	}]
}