{
  "TestDataTitle": "API Automation Test Report",
  "RunDate": "Mon Apr 24 13:27:43 IST 2017",
  "RunEnvironment": "QA Environment",
  "Version": "1.3",
  "suite": [
    {
      "Project": "COB",
      "IssueType": "Test",
      "Sprint": "Sprint-1",
      "TimeTaken": "30 Mins",
      "title": "2",
      "SUITENAME": "Nondependent",
      "DESCRIPTION": "Non dependent File",
      "tests": [
        {
          "Issue_key": "COB-365",
          "APIMethodType": "POST",
          "APIURL": "http://10.146.217.20:3030\u003cbr\u003e\u003c?r\u003e/api/v1/AddDevice",
          "APIDescription": "Add Device Details",
          "Input_KeyValues": " \u003cb\u003eRequest Headers:\u003c/b\u003e\u003cbr\u003e Content-Type : application/json\u003cbr\u003e \u003cb\u003eRequest Parameters:\u003c/b\u003e \u003cbr\u003e devicename : FM103306\u003cbr\u003e description : Toflowcontrol\u003cbr\u003e model : 5AB03305\u003cbr\u003e type : Flowmeter\u003cbr\u003e manufacturer : Smech",
          "Expected": " \u003cb\u003eExpected Criteria\u003c/b\u003e \u003cbr\u003e Status Code :200",
          "TestResultStatus": "Pass",
          "ResponseDescription": "The following response details: \u003cbr\u003e Response Code: 200",
          "ResponseTime": "1211",
          "Output_Values": "FM103306",
          "Response": "\u003ca href\u003dD:\\Users\\raghuraman-k\\workspace\\RestassuredAutomation\\src\\test\\resources\\Response\\COB-365.json\u003eCOB-365\u003c/a\u003e"
        },
        {
          "Issue_key": "COB-364",
          "APIMethodType": "GET",
          "APIURL": "http://10.146.217.20:3030\u003cbr\u003e\u003c?r\u003e/api/v1/device/FM103306",
          "APIDescription": "Try to view the deleted device details",
          "Input_KeyValues": " \u003cb\u003eRequest Headers:\u003c/b\u003e\u003cbr\u003e Content-Type : application/json",
          "Expected": " \u003cb\u003eExpected Criteria\u003c/b\u003e \u003cbr\u003e Status Code :200",
          "TestResultStatus": "Pass",
          "ResponseDescription": "The following response details: \u003cbr\u003e Response Code: 200",
          "ResponseTime": "391",
          "Output_Values": "58f9a4c553c51627c8dec619",
          "Response": "\u003ca href\u003dD:\\Users\\raghuraman-k\\workspace\\RestassuredAutomation\\src\\test\\resources\\Response\\COB-364.json\u003eCOB-364\u003c/a\u003e"
        },
        {
          "Issue_key": "COB-363",
          "APIMethodType": "PUT",
          "APIURL": "http://10.146.217.20:3030\u003cbr\u003e\u003c?r\u003e/api/v1/device/58f9a4c553c51627c8dec619",
          "APIDescription": "Try to modify existing device name.",
          "Input_KeyValues": " \u003cb\u003eRequest Headers:\u003c/b\u003e\u003cbr\u003e Content-Type : application/json\u003cbr\u003e \u003cb\u003eRequest Parameters:\u003c/b\u003e \u003cbr\u003e devicename : FM103307",
          "Expected": " \u003cb\u003eExpected Criteria\u003c/b\u003e \u003cbr\u003e Status Code :200\u003cbr\u003e Expected Key Values :\u003cbr\u003e message : Device details failed to update",
          "TestResultStatus": "skipped",
          "ResponseDescription": "The following response details: \u003cbr\u003e Invalid Response Code:0\u003cbr\u003e1 expectation failed.\u003cbr\u003eExpected status code \u003c200\u003e doesn\u0027t match actual status code \u003c406\u003e.\u003cbr\u003e",
          "ResponseTime": "391",
          "Output_Values": "",
          "Response": "\u003ca href\u003dD:\\Users\\raghuraman-k\\workspace\\RestassuredAutomation\\src\\test\\resources\\Response\\COB-363.json\u003eCOB-363\u003c/a\u003e"
        },
        {
          "Issue_key": "COB-357",
          "APIMethodType": "DELETE",
          "APIURL": "http://10.146.217.20:3030\u003cbr\u003e\u003c?r\u003e/api/v1/device/58f9a4c553c51627c8dec619",
          "APIDescription": "Delete device details",
          "Input_KeyValues": " \u003cb\u003eRequest Headers:\u003c/b\u003e\u003cbr\u003e Content-Type : application/json",
          "Expected": " \u003cb\u003eExpected Criteria\u003c/b\u003e \u003cbr\u003e Status Code :200\u003cbr\u003e Expected Key Values :\u003cbr\u003e message : Device removed from the account!",
          "TestResultStatus": "Pass",
          "ResponseDescription": "The following response details: \u003cbr\u003e Response Code: 200\u003cbr\u003e  Expected Values matched with actual values",
          "ResponseTime": "301",
          "Output_Values": "Device removed from the account!",
          "Response": "\u003ca href\u003dD:\\Users\\raghuraman-k\\workspace\\RestassuredAutomation\\src\\test\\resources\\Response\\COB-357.json\u003eCOB-357\u003c/a\u003e"
        },
        {
          "Issue_key": "COB-350",
          "APIMethodType": "POST",
          "APIURL": "http://10.146.217.20:3030\u003cbr\u003e\u003c?r\u003e/api/v1/AddDevice",
          "APIDescription": "Add Device Details",
          "Input_KeyValues": " \u003cb\u003eRequest Headers:\u003c/b\u003e\u003cbr\u003e Content-Type : application/json\u003cbr\u003e \u003cb\u003eRequest Parameters:\u003c/b\u003e \u003cbr\u003e devicename : FM103305\u003cbr\u003e description : Toflowcontrol\u003cbr\u003e model : 5AB03305\u003cbr\u003e type : Flowmeter\u003cbr\u003e manufacturer : Smech",
          "Expected": " \u003cb\u003eExpected Criteria\u003c/b\u003e \u003cbr\u003e Status Code :200\u003cbr\u003e Expected Key Values :\u003cbr\u003e data.devicename : FM103305\u003cbr\u003e data.description : Toflowcontrol\u003cbr\u003e data.model : 5AB03305\u003cbr\u003e data.type : Flowmeter\u003cbr\u003e data.manufacturer : Smech",
          "TestResultStatus": "Pass",
          "ResponseDescription": "The following response details: \u003cbr\u003e Response Code: 200\u003cbr\u003e  Expected Values matched with actual values",
          "ResponseTime": "874",
          "Output_Values": "FM103305",
          "Response": "\u003ca href\u003dD:\\Users\\raghuraman-k\\workspace\\RestassuredAutomation\\src\\test\\resources\\Response\\COB-350.json\u003eCOB-350\u003c/a\u003e"
        },
        {
          "Issue_key": "COB-351",
          "APIMethodType": "GET",
          "APIURL": "http://10.146.217.20:3030\u003cbr\u003e\u003c?r\u003e/api/v1/device/FM103305",
          "APIDescription": "View Device Details",
          "Input_KeyValues": " \u003cb\u003eRequest Headers:\u003c/b\u003e\u003cbr\u003e Content-Type : application/json",
          "Expected": " \u003cb\u003eExpected Criteria\u003c/b\u003e \u003cbr\u003e Status Code :200\u003cbr\u003e Expected Key Values :\u003cbr\u003e devicename[0] : FM103305\u003cbr\u003e description[0] : Toflowcontrol\u003cbr\u003e model[0] : 5AB03305\u003cbr\u003e type[0] : Flowmeter\u003cbr\u003e manufacturer[0] : Smech",
          "TestResultStatus": "Pass",
          "ResponseDescription": "The following response details: \u003cbr\u003e Response Code: 200\u003cbr\u003e  Expected Values matched with actual values",
          "ResponseTime": "385",
          "Output_Values": "58f9a4c953c51627c8dec61a",
          "Response": "\u003ca href\u003dD:\\Users\\raghuraman-k\\workspace\\RestassuredAutomation\\src\\test\\resources\\Response\\COB-351.json\u003eCOB-351\u003c/a\u003e"
        },
        {
          "Issue_key": "COB-352",
          "APIMethodType": "PUT",
          "APIURL": "http://10.146.217.20:3030\u003cbr\u003e\u003c?r\u003e/api/v1/device/58f9a4c953c51627c8dec61a",
          "APIDescription": "Modify Device Description Details",
          "Input_KeyValues": " \u003cb\u003eRequest Headers:\u003c/b\u003e\u003cbr\u003e Content-Type : application/json\u003cbr\u003e \u003cb\u003eRequest Parameters:\u003c/b\u003e \u003cbr\u003e description : To control water flow",
          "Expected": " \u003cb\u003eExpected Criteria\u003c/b\u003e \u003cbr\u003e Status Code :200\u003cbr\u003e Expected Key Values :\u003cbr\u003e message : Device details updated",
          "TestResultStatus": "Failed",
          "ResponseDescription": "The following response details: \u003cbr\u003e Invalid Response Code:0\u003cbr\u003e1 expectation failed.\u003cbr\u003eExpected status code \u003c200\u003e doesn\u0027t match actual status code \u003c406\u003e.\u003cbr\u003e",
          "ResponseTime": "385",
          "Output_Values": "",
          "Response": "\u003ca href\u003dD:\\Users\\raghuraman-k\\workspace\\RestassuredAutomation\\src\\test\\resources\\Response\\COB-352.json\u003eCOB-352\u003c/a\u003e"
        },
        {
          "Issue_key": "COB-353",
          "APIMethodType": "PUT",
          "APIURL": "http://10.146.217.20:3030\u003cbr\u003e\u003c?r\u003e/api/v1/device/58f9a4c953c51627c8dec61a",
          "APIDescription": "modify the device model details",
          "Input_KeyValues": " \u003cb\u003eRequest Headers:\u003c/b\u003e\u003cbr\u003e Content-Type : application/json\u003cbr\u003e \u003cb\u003eRequest Parameters:\u003c/b\u003e \u003cbr\u003e model : 5AB03306",
          "Expected": " \u003cb\u003eExpected Criteria\u003c/b\u003e \u003cbr\u003e Status Code :200\u003cbr\u003e Expected Key Values :\u003cbr\u003e message : Device details updated",
          "TestResultStatus": "Failed",
          "ResponseDescription": "The following response details: \u003cbr\u003e Invalid Response Code:0\u003cbr\u003e1 expectation failed.\u003cbr\u003eExpected status code \u003c200\u003e doesn\u0027t match actual status code \u003c406\u003e.\u003cbr\u003e",
          "ResponseTime": "385",
          "Output_Values": "",
          "Response": "\u003ca href\u003dD:\\Users\\raghuraman-k\\workspace\\RestassuredAutomation\\src\\test\\resources\\Response\\COB-353.json\u003eCOB-353\u003c/a\u003e"
        },
        {
          "Issue_key": "COB-354",
          "APIMethodType": "PUT",
          "APIURL": "http://10.146.217.20:3030\u003cbr\u003e\u003c?r\u003e/api/v1/device/58f9a4c953c51627c8dec61a",
          "APIDescription": "Modify the device type details",
          "Input_KeyValues": " \u003cb\u003eRequest Headers:\u003c/b\u003e\u003cbr\u003e Content-Type : application/json\u003cbr\u003e \u003cb\u003eRequest Parameters:\u003c/b\u003e \u003cbr\u003e type : WaterFlowmeter",
          "Expected": " \u003cb\u003eExpected Criteria\u003c/b\u003e \u003cbr\u003e Status Code :200\u003cbr\u003e Expected Key Values :\u003cbr\u003e message : Device details updated",
          "TestResultStatus": "Failed",
          "ResponseDescription": "The following response details: \u003cbr\u003e Invalid Response Code:0\u003cbr\u003e1 expectation failed.\u003cbr\u003eExpected status code \u003c200\u003e doesn\u0027t match actual status code \u003c406\u003e.\u003cbr\u003e",
          "ResponseTime": "385",
          "Output_Values": "",
          "Response": "\u003ca href\u003dD:\\Users\\raghuraman-k\\workspace\\RestassuredAutomation\\src\\test\\resources\\Response\\COB-354.json\u003eCOB-354\u003c/a\u003e"
        },
        {
          "Issue_key": "COB-355",
          "APIMethodType": "PUT",
          "APIURL": "http://10.146.217.20:3030\u003cbr\u003e\u003c?r\u003e/api/v1/device/58f9a4c953c51627c8dec61a",
          "APIDescription": "Modify the device manufacturer details",
          "Input_KeyValues": " \u003cb\u003eRequest Headers:\u003c/b\u003e\u003cbr\u003e Content-Type : application/json\u003cbr\u003e \u003cb\u003eRequest Parameters:\u003c/b\u003e \u003cbr\u003e manufacturer : SunMech",
          "Expected": " \u003cb\u003eExpected Criteria\u003c/b\u003e \u003cbr\u003e Status Code :200\u003cbr\u003e Expected Key Values :\u003cbr\u003e message : Device details updated",
          "TestResultStatus": "Failed",
          "ResponseDescription": "The following response details: \u003cbr\u003e Invalid Response Code:0\u003cbr\u003e1 expectation failed.\u003cbr\u003eExpected status code \u003c200\u003e doesn\u0027t match actual status code \u003c406\u003e.\u003cbr\u003e",
          "ResponseTime": "385",
          "Output_Values": "",
          "Response": "\u003ca href\u003dD:\\Users\\raghuraman-k\\workspace\\RestassuredAutomation\\src\\test\\resources\\Response\\COB-355.json\u003eCOB-355\u003c/a\u003e"
        },
        {
          "Issue_key": "COB-344",
          "APIMethodType": "POST",
          "APIURL": "http://10.146.217.20:3030\u003cbr\u003e\u003c?r\u003e/api/v1/AddDevice",
          "APIDescription": "Add device to account",
          "Input_KeyValues": " \u003cb\u003eRequest Headers:\u003c/b\u003e\u003cbr\u003e Content-Type : application/json\u003cbr\u003e \u003cb\u003eRequest Parameters:\u003c/b\u003e \u003cbr\u003e devicename : FM104121\u003cbr\u003e description : Toflowcontrol\u003cbr\u003e model : 5AB04121\u003cbr\u003e type : Flowmeter\u003cbr\u003e manufacturer : Smech",
          "Expected": " \u003cb\u003eExpected Criteria\u003c/b\u003e \u003cbr\u003e Status Code :200\u003cbr\u003e Expected Key Values :\u003cbr\u003e data.devicename : FM104121\u003cbr\u003e data.description : Toflowcontrol\u003cbr\u003e data.model : 5AB04121\u003cbr\u003e data.type : Flowmeter\u003cbr\u003e data.manufacturer : Smech",
          "TestResultStatus": "Pass",
          "ResponseDescription": "The following response details: \u003cbr\u003e Response Code: 200\u003cbr\u003e  Expected Values matched with actual values",
          "ResponseTime": "791",
          "Output_Values": "FM104121",
          "Response": "\u003ca href\u003dD:\\Users\\raghuraman-k\\workspace\\RestassuredAutomation\\src\\test\\resources\\Response\\COB-344.json\u003eCOB-344\u003c/a\u003e"
        },
        {
          "Issue_key": "COB-343",
          "APIMethodType": "GET",
          "APIURL": "http://10.146.217.20:3030\u003cbr\u003e\u003c?r\u003e/api/v1/device/FM104121",
          "APIDescription": "Get device details",
          "Input_KeyValues": " \u003cb\u003eRequest Headers:\u003c/b\u003e\u003cbr\u003e Content-Type : application/json",
          "Expected": " \u003cb\u003eExpected Criteria\u003c/b\u003e \u003cbr\u003e Status Code :200\u003cbr\u003e Expected Key Values :\u003cbr\u003e devicename[0] : FM104121\u003cbr\u003e description[0] : Toflowcontrol\u003cbr\u003e model[0] : 5AB04121\u003cbr\u003e type[0] : Flowmeter\u003cbr\u003e manufacturer[0] : Smech",
          "TestResultStatus": "Pass",
          "ResponseDescription": "The following response details: \u003cbr\u003e Response Code: 200\u003cbr\u003e  Expected Values matched with actual values",
          "ResponseTime": "224",
          "Output_Values": "58f9a4d153c51627c8dec61b",
          "Response": "\u003ca href\u003dD:\\Users\\raghuraman-k\\workspace\\RestassuredAutomation\\src\\test\\resources\\Response\\COB-343.json\u003eCOB-343\u003c/a\u003e"
        },
        {
          "Issue_key": "COB-342",
          "APIMethodType": "PUT",
          "APIURL": "http://10.146.217.20:3030\u003cbr\u003e\u003c?r\u003e/api/v1/device/58f9a4d153c51627c8dec61b",
          "APIDescription": "Update device details",
          "Input_KeyValues": " \u003cb\u003eRequest Headers:\u003c/b\u003e\u003cbr\u003e Content-Type : application/json\u003cbr\u003e \u003cb\u003eRequest Parameters:\u003c/b\u003e \u003cbr\u003e description : Tocontrolwaterflow\u003cbr\u003e type : Flowmeter\u003cbr\u003e manufacturer : SunMech",
          "Expected": " \u003cb\u003eExpected Criteria\u003c/b\u003e \u003cbr\u003e Status Code :200\u003cbr\u003e Expected Key Values :\u003cbr\u003e message : Device details updated",
          "TestResultStatus": "Failed",
          "ResponseDescription": "The following response details: \u003cbr\u003e Invalid Response Code:0\u003cbr\u003e1 expectation failed.\u003cbr\u003eExpected status code \u003c200\u003e doesn\u0027t match actual status code \u003c406\u003e.\u003cbr\u003e",
          "ResponseTime": "224",
          "Output_Values": "",
          "Response": "\u003ca href\u003dD:\\Users\\raghuraman-k\\workspace\\RestassuredAutomation\\src\\test\\resources\\Response\\COB-342.json\u003eCOB-342\u003c/a\u003e"
        },
        {
          "Issue_key": "COB-340",
          "APIMethodType": "DELETE",
          "APIURL": "http://10.146.217.20:3030\u003cbr\u003e\u003c?r\u003e/api/v1/device/58f9a4d153c51627c8dec61b",
          "APIDescription": "Delete device ",
          "Input_KeyValues": " \u003cb\u003eRequest Headers:\u003c/b\u003e\u003cbr\u003e Content-Type : application/json",
          "Expected": " \u003cb\u003eExpected Criteria\u003c/b\u003e \u003cbr\u003e Status Code :200\u003cbr\u003e Expected Key Values :\u003cbr\u003e message : Device removed from the account!",
          "TestResultStatus": "Pass",
          "ResponseDescription": "The following response details: \u003cbr\u003e Response Code: 200\u003cbr\u003e  Expected Values matched with actual values",
          "ResponseTime": "273",
          "Output_Values": "Device removed from the account!",
          "Response": "\u003ca href\u003dD:\\Users\\raghuraman-k\\workspace\\RestassuredAutomation\\src\\test\\resources\\Response\\COB-340.json\u003eCOB-340\u003c/a\u003e"
        },
        {
          "Issue_key": "COB-358",
          "APIMethodType": "POST",
          "APIURL": "http://10.146.217.20:3030\u003cbr\u003e\u003c?r\u003e/api/v1/AddDevice",
          "APIDescription": " Try to add device details with blank inputs",
          "Input_KeyValues": " \u003cb\u003eRequest Headers:\u003c/b\u003e\u003cbr\u003e Content-Type : application/json\u003cbr\u003e \u003cb\u003eRequest Parameters:\u003c/b\u003e ",
          "Expected": " \u003cb\u003eExpected Criteria\u003c/b\u003e \u003cbr\u003e Status Code :200\u003cbr\u003e Expected Key Values :",
          "TestResultStatus": "Failed",
          "ResponseDescription": "The following response details: \u003cbr\u003e Invalid Response Code:0\u003cbr\u003e1 expectation failed.\u003cbr\u003eExpected status code \u003c200\u003e doesn\u0027t match actual status code \u003c403\u003e.\u003cbr\u003e",
          "ResponseTime": "302",
          "Output_Values": "",
          "Response": "\u003ca href\u003dD:\\Users\\raghuraman-k\\workspace\\RestassuredAutomation\\src\\test\\resources\\Response\\COB-358.json\u003eCOB-358\u003c/a\u003e"
        },
        {
          "Issue_key": "COB-366",
          "APIMethodType": "GET",
          "APIURL": "http://10.146.217.20:3030\u003cbr\u003e\u003c?r\u003e/api/v1/device/",
          "APIDescription": "View all the Active device name details",
          "Input_KeyValues": " \u003cb\u003eRequest Headers:\u003c/b\u003e\u003cbr\u003e Content-Type : application/json",
          "Expected": " \u003cb\u003eExpected Criteria\u003c/b\u003e \u003cbr\u003e Status Code :200",
          "TestResultStatus": "Failed",
          "ResponseDescription": "The following response details: \u003cbr\u003e Invalid Response Code:0\u003cbr\u003e1 expectation failed.\u003cbr\u003eExpected status code \u003c200\u003e doesn\u0027t match actual status code \u003c403\u003e.\u003cbr\u003e",
          "ResponseTime": "302",
          "Output_Values": "null",
          "Response": "\u003ca href\u003dD:\\Users\\raghuraman-k\\workspace\\RestassuredAutomation\\src\\test\\resources\\Response\\COB-358.json\u003eCOB-366\u003c/a\u003e"
        },
        {
          "Issue_key": "COB-346",
          "APIMethodType": "GET",
          "APIURL": "http://10.146.217.20:3030\u003cbr\u003e\u003c?r\u003e/api/v1/device/",
          "APIDescription": "Get all device details",
          "Input_KeyValues": " \u003cb\u003eRequest Headers:\u003c/b\u003e\u003cbr\u003e Content-Type : application/json",
          "Expected": " \u003cb\u003eExpected Criteria\u003c/b\u003e \u003cbr\u003e Status Code :200",
          "TestResultStatus": "Pass",
          "ResponseDescription": "The following response details: \u003cbr\u003e Response Code: 200",
          "ResponseTime": "243",
          "Output_Values": "FM103305",
          "Response": "\u003ca href\u003dD:\\Users\\raghuraman-k\\workspace\\RestassuredAutomation\\src\\test\\resources\\Response\\COB-346.json\u003eCOB-346\u003c/a\u003e"
        },
        {
          "Issue_key": "COB-359",
          "APIMethodType": "GET",
          "APIURL": "http://10.146.217.20:3030\u003cbr\u003e\u003c?r\u003e/api/v1/device/FM5456485",
          "APIDescription": "Try to read device details where no such device present",
          "Input_KeyValues": " \u003cb\u003eRequest Headers:\u003c/b\u003e\u003cbr\u003e Content-Type : application/json",
          "Expected": " \u003cb\u003eExpected Criteria\u003c/b\u003e \u003cbr\u003e Status Code :200\u003cbr\u003e Expected Key Values :\u003cbr\u003e message : No such device exists",
          "TestResultStatus": "Failed",
          "ResponseDescription": "The following response details: \u003cbr\u003e Invalid Response Code:0\u003cbr\u003e1 expectation failed.\u003cbr\u003eExpected status code \u003c200\u003e doesn\u0027t match actual status code \u003c403\u003e.\u003cbr\u003e",
          "ResponseTime": "243",
          "Output_Values": "FM103305",
          "Response": "\u003ca href\u003dD:\\Users\\raghuraman-k\\workspace\\RestassuredAutomation\\src\\test\\resources\\Response\\COB-359.json\u003eCOB-359\u003c/a\u003e"
        },
        {
          "Issue_key": "COB-349",
          "APIMethodType": "GET",
          "APIURL": "http://www.thomas-bayer.com\u003cbr\u003e\u003c?r\u003e/sqlrest",
          "APIDescription": "Get Customer XML",
          "Input_KeyValues": " \u003cb\u003eRequest Headers:\u003c/b\u003e\u003cbr\u003e Content-Type : application/xml",
          "Expected": " \u003cb\u003eExpected Criteria\u003c/b\u003e \u003cbr\u003e Status Code :200",
          "TestResultStatus": "Failed",
          "ResponseDescription": "The following response details: \u003cbr\u003e Invalid Response Code:0\u003cbr\u003e1 expectation failed.\u003cbr\u003eExpected status code \u003c200\u003e doesn\u0027t match actual status code \u003c407\u003e.\u003cbr\u003e",
          "ResponseTime": "243",
          "Output_Values": "FM103305",
          "Response": "\u003ca href\u003dD:\\Users\\raghuraman-k\\workspace\\RestassuredAutomation\\src\\test\\resources\\Response\\COB-349.html\u003eCOB-349\u003c/a\u003e"
        },
        {
          "Issue_key": "COB-362",
          "APIMethodType": "POST",
          "APIURL": "http://10.146.217.20:3030\u003cbr\u003e\u003c?r\u003e/api/v1/AddDevice",
          "APIDescription": "Try to add device with existing device name",
          "Input_KeyValues": " \u003cb\u003eRequest Headers:\u003c/b\u003e\u003cbr\u003e Content-Type : application/json\u003cbr\u003e \u003cb\u003eRequest Parameters:\u003c/b\u003e \u003cbr\u003e devicename : FM104201\u003cbr\u003e description : Toflowcontrol\u003cbr\u003e model : 5AB041\u003cbr\u003e type : Flowmeter\u003cbr\u003e manufacturer : Smech",
          "Expected": " \u003cb\u003eExpected Criteria\u003c/b\u003e \u003cbr\u003e Status Code :200",
          "TestResultStatus": "Pass",
          "ResponseDescription": "The following response details: \u003cbr\u003e Response Code: 200",
          "ResponseTime": "833",
          "Output_Values": "FM104201",
          "Response": "\u003ca href\u003dD:\\Users\\raghuraman-k\\workspace\\RestassuredAutomation\\src\\test\\resources\\Response\\COB-362.json\u003eCOB-362\u003c/a\u003e"
        }
      ],
      "Status": "Fail",
      "NoOfTestCases": 20,
      "NoOfPassed": 10,
      "NoOfFailed": 9,
      "NoOfSkipped": 1
    }
  ]
}