{
	"sprintList": [{
		"id": 34,
		"name": "COB Dashboard - 2016.3 - 1"
	}, {
		"id": 65,
		"name": "COB Dashboard - 2016.3 - 2"
	}, {
		"id": 66,
		"name": "COB Dashboard - 2016.3 - 3"
	}, {
		"id": 67,
		"name": "COB Dashboard - 2016.3 - 4"
	}, {
		"id": 68,
		"name": "COB Dashboard - 2016.3 - 5"
	}, {
		"id": 71,
		"name": "COB Dashboard - 2016.3 - 6"
	}, {
		"id": 76,
		"name": "CoHo API Testing - 2017.1 - 1"
	}, {
		"id": 77,
		"name": "CoHo REST API Sprint.2017.1.1"
	}]
}