{"suite":[{"Status":"Pass","Project":"Pearson Access","tests":[{"Datasets":[{"headers":"{\"orgreferenceid\":\"refid\"}","Expected":"{\"Expected_Values\":\"\",\"StatusCode\":\"200\",\"Expected_Keys\":\"\",\"GetOutputKey\":\"data[0].referenceId\"}","Userpermissions":"[]","RequestParameter":"{}","RequestURL":"https://env1.test.csutomer.com/api/organization?descendantOf=refid&orgTypeCodeFilter=STATE","ResponseFilePath":"","Output_Values":"","DataDescription":"Retrieve State Orgs","StatusCode":"0","DatasetID":"DS01","Response":"","TestResultStatus":"Skip","ResponseDescription":"","ResponseTime":"0 ms"},{"headers":"{\"orgreferenceid\":\"refid\"}","Expected":"{\"Expected_Values\":\"\",\"StatusCode\":\"200\",\"Expected_Keys\":\"\",\"GetOutputKey\":\"data[0].referenceId\"}","Userpermissions":"[]","RequestParameter":"{}","RequestURL":"https://env1.test.csutomer.com/api/organization?descendantOf=refid&orgTypeCodeFilter=DIST","ResponseFilePath":"","Output_Values":"","DataDescription":"Retrieve District Orgs","StatusCode":"0","DatasetID":"DS02","Response":"","TestResultStatus":"Skip","ResponseDescription":"","ResponseTime":"0 ms"},{"headers":"{\"orgreferenceid\":\"refid\"}","Expected":"{\"Expected_Values\":\"\",\"StatusCode\":\"200\",\"Expected_Keys\":\"\",\"GetOutputKey\":\"data[0].referenceId\"}","Userpermissions":"[]","RequestParameter":"{}","RequestURL":"https://env1.test.csutomer.com/api/organization?descendantOf=refid&orgTypeCodeFilter=SCH","ResponseFilePath":"","Output_Values":"","DataDescription":"Retrieve School Orgs","StatusCode":"0","DatasetID":"DS03","Response":"","TestResultStatus":"Skip","ResponseDescription":"","ResponseTime":"0 ms"}],"MethodType":"get","APIURL":"/api/organization","NoOfFailed":0,"operationId":"getOrgs","Summary":"Retrieve Orgs","TestResultStatus":"Skip","NoOfTestCases":3,"NoOfSkipped":3,"NoOfPassed":0},{"Datasets":[{"headers":"{\"orgreferenceid\":\"refid\"}","Expected":"{\"Expected_Values\":\"\",\"StatusCode\":\"200\",\"Expected_Keys\":\"\",\"GetOutputKey\":\"data[0].referenceId\"}","Userpermissions":"[]","RequestParameter":"{}","RequestURL":"https://env1.test.csutomer.com/api/organizationtype/DIST","ResponseFilePath":"","Output_Values":"","DataDescription":"Retrieve an Organization Type By Dist","StatusCode":"0","DatasetID":"DS01","Response":"","TestResultStatus":"Skip","ResponseDescription":"","ResponseTime":"0 ms"}],"MethodType":"get","APIURL":"/api/organizationtype/{orgTypeCode}","NoOfFailed":0,"operationId":"getOrganizationTypeByCodeDist","Summary":"Retrieve an Organization Type By Dist","TestResultStatus":"Skip","NoOfTestCases":1,"NoOfSkipped":1,"NoOfPassed":0},{"Datasets":[{"headers":"{\"orgreferenceid\":\"refid\"}","Expected":"{\"Expected_Values\":\"\",\"StatusCode\":\"200\",\"Expected_Keys\":\"\",\"GetOutputKey\":\"data[0].referenceId\"}","Userpermissions":"[]","RequestParameter":"{}","RequestURL":"https://env1.test.csutomer.com/api/organizationtype/SCH","ResponseFilePath":"","Output_Values":"","DataDescription":"Retrieve an Organization Type By School","StatusCode":"0","DatasetID":"DS01","Response":"","TestResultStatus":"Skip","ResponseDescription":"","ResponseTime":"0 ms"}],"MethodType":"get","APIURL":"/api/organizationtype/{orgTypeCode}","NoOfFailed":0,"operationId":"getOrganizationTypeByCodeSchool","Summary":"Retrieve an Organization Type By School","TestResultStatus":"Skip","NoOfTestCases":1,"NoOfSkipped":1,"NoOfPassed":0}],"Userrole":"SystemAdmin","NoOfFailed":0,"TimeTaken":"7 Secs","NoOfTestCases":5,"TestingType":"regression","NoOfSkipped":5,"NoOfPassed":0}],"RunEnvironment":"PADEV","Userrole":"SystemAdmin","TestingType":"regression","TestDataTitle":"PAUIR Automation API Test Report","RunDate":"Wed Oct 28 16:00:51 IST 2020"}