{"TimeTaken":"2 Secs","TestDataTitle":"API Automation Test Report","RunDate":"Wed Oct 28 15:58:19 IST 2020","Tests":[{"summary":"Retrieve Orgs","Datasets":[{"headers":"{\"orgreferenceid\":\"{ref#environment|staterefid}\"}","Expected":{"Expected_Values":"","StatusCode":"200","Expected_Keys":"","GetOutputKey":"data[0].referenceId"},"APIURL":"https://env1.test.csutomer.comnull","Userpermissions":[],"DSFlag":"Yes","Output":{"Response":"","TestResultStatus":"Skip","ResponseDescription":"Skipped due to dependent Test case  : environment","ResponseTime":"0 ms","ResponseFilePath":"","Output_Values":"","StatusCode":"0"},"expected":"{\"Expected_Values\":\"\",\"StatusCode\":\"200\",\"Expected_Keys\":\"\",\"GetOutputKey\":\"data[0].referenceId\"}","DataDescription":"Retrieve State Orgs","parameters":"{\"Queryparameters\":{\"request\":\"\",\"ancestorOf\":\"\",\"descendantOf\":\"{ref#environment|staterefid}\",\"orgTypeCodeFilter\":\"STATE\"},\"postbody\":{},\"Pathparameters\":{}}","DatasetID":"DS01","tags":["@smoke"],"RequestParameters":{"Queryparameters":{"request":"","ancestorOf":"","descendantOf":"{ref#environment|staterefid}","orgTypeCodeFilter":"STATE"},"postbody":{},"Pathparameters":{}}},{"headers":"{\"orgreferenceid\":\"{ref#environment|staterefid}\"}","Expected":{"Expected_Values":"","StatusCode":"200","Expected_Keys":"","GetOutputKey":"data[0].referenceId"},"APIURL":"https://env1.test.csutomer.comnull","Userpermissions":[],"DSFlag":"Yes","Output":{"Response":"","TestResultStatus":"Skip","ResponseDescription":"Skipped due to dependent Test case  : environment","ResponseTime":"0 ms","ResponseFilePath":"","Output_Values":"","StatusCode":"0"},"expected":"{\"Expected_Values\":\"\",\"StatusCode\":\"200\",\"Expected_Keys\":\"\",\"GetOutputKey\":\"data[0].referenceId\"}","DataDescription":"Retrieve District Orgs","parameters":"{\"Queryparameters\":{\"request\":\"\",\"ancestorOf\":\"\",\"descendantOf\":\"{ref#environment|staterefid}\",\"orgTypeCodeFilter\":\"DIST\"},\"postbody\":{},\"Pathparameters\":{}}","DatasetID":"DS02","tags":["@smoke"],"RequestParameters":{"Queryparameters":{"request":"","ancestorOf":"","descendantOf":"{ref#environment|staterefid}","orgTypeCodeFilter":"DIST"},"postbody":{},"Pathparameters":{}}},{"headers":"{\"orgreferenceid\":\"{ref#environment|staterefid}\"}","Expected":{"Expected_Values":"","StatusCode":"200","Expected_Keys":"","GetOutputKey":"data[0].referenceId"},"APIURL":"https://env1.test.csutomer.comnull","Userpermissions":[],"DSFlag":"Yes","Output":{"Response":"","TestResultStatus":"Skip","ResponseDescription":"Skipped due to dependent Test case  : environment","ResponseTime":"0 ms","ResponseFilePath":"","Output_Values":"","StatusCode":"0"},"expected":"{\"Expected_Values\":\"\",\"StatusCode\":\"200\",\"Expected_Keys\":\"\",\"GetOutputKey\":\"data[0].referenceId\"}","DataDescription":"Retrieve School Orgs","parameters":"{\"Queryparameters\":{\"request\":\"\",\"ancestorOf\":\"\",\"descendantOf\":\"{ref#environment|staterefid}\",\"orgTypeCodeFilter\":\"SCH\"},\"postbody\":{},\"Pathparameters\":{}}","DatasetID":"DS03","tags":["@smoke"],"RequestParameters":{"Queryparameters":{"request":"","ancestorOf":"","descendantOf":"{ref#environment|staterefid}","orgTypeCodeFilter":"SCH"},"postbody":{},"Pathparameters":{}}}],"MethodType":"get","TestStatus":"Skip","Userpermissions":[],"RunMode":"Yes","RequestURL":"/api/organization","operationId":"getOrgs","Dependent":[],"tags":["@organizations","@smoke"]},{"summary":"Retrieve an Organization Type By Dist","Datasets":[{"headers":"{\"orgreferenceid\":\"{ref#environment|staterefid}\"}","Expected":{"Expected_Values":"","StatusCode":"200","Expected_Keys":"","GetOutputKey":"data[0].referenceId"},"APIURL":"https://env1.test.csutomer.com/api/organizationtype/DIST","Userpermissions":[],"DSFlag":"Yes","Output":{"Response":"","TestResultStatus":"Skip","ResponseDescription":"Skipped due to dependent Test case  : environment","ResponseTime":"0 ms","ResponseFilePath":"","Output_Values":"","StatusCode":"0"},"expected":"{\"Expected_Values\":\"\",\"StatusCode\":\"200\",\"Expected_Keys\":\"\",\"GetOutputKey\":\"data[0].referenceId\"}","DataDescription":"Retrieve an Organization Type By Dist","parameters":"{\"Queryparameters\":{},\"postbody\":{},\"Pathparameters\":{\"orgTypeCode\":\"DIST\"}}","DatasetID":"DS01","tags":["@smoke"],"RequestParameters":{"Queryparameters":{},"postbody":{},"Pathparameters":{"orgTypeCode":"DIST"}}}],"MethodType":"get","TestStatus":"Skip","Userpermissions":[],"RunMode":"Yes","RequestURL":"/api/organizationtype/{orgTypeCode}","operationId":"getOrganizationTypeByCodeDist","Dependent":[],"tags":["@organizations","@smoke"]},{"summary":"Retrieve an Organization Type By School","Datasets":[{"headers":"{\"orgreferenceid\":\"{ref#environment|staterefid}\"}","Expected":{"Expected_Values":"","StatusCode":"200","Expected_Keys":"","GetOutputKey":"data[0].referenceId"},"APIURL":"https://env1.test.csutomer.com/api/organizationtype/SCH","Userpermissions":[],"DSFlag":"Yes","Output":{"Response":"","TestResultStatus":"Skip","ResponseDescription":"Skipped due to dependent Test case  : environment","ResponseTime":"0 ms","ResponseFilePath":"","Output_Values":"","StatusCode":"0"},"expected":"{\"Expected_Values\":\"\",\"StatusCode\":\"200\",\"Expected_Keys\":\"\",\"GetOutputKey\":\"data[0].referenceId\"}","DataDescription":"Retrieve an Organization Type By School","parameters":"{\"Queryparameters\":{},\"postbody\":{},\"Pathparameters\":{\"orgTypeCode\":\"SCH\"}}","DatasetID":"DS01","tags":["@smoke"],"RequestParameters":{"Queryparameters":{},"postbody":{},"Pathparameters":{"orgTypeCode":"SCH"}}}],"MethodType":"get","TestStatus":"Skip","Userpermissions":[],"RunMode":"Yes","RequestURL":"/api/organizationtype/{orgTypeCode}","operationId":"getOrganizationTypeByCodeSchool","Dependent":[],"tags":["@organizations","@smoke"]}]}