<project>
<actions/>
<description/>
<keepDependencies>false</keepDependencies>
 <properties>
    <hudson.model.ParametersDefinitionProperty>
      <parameterDefinitions>
        <hudson.model.StringParameterDefinition>
          <name>projectname</name>
          <description>JIRA Project Name</description>
          <defaultValue>COB</defaultValue>
        </hudson.model.StringParameterDefinition>
        <hudson.model.StringParameterDefinition>
          <name>issuetype</name>
          <description>JIRA Issue Type</description>
          <defaultValue>Test</defaultValue>
        </hudson.model.StringParameterDefinition>
        <hudson.model.StringParameterDefinition>
          <name>sprint</name>
          <description>JIRA Sprint Name</description>
          <defaultValue>TEMP Sprint 2</defaultValue>
        </hudson.model.StringParameterDefinition>
        <hudson.model.StringParameterDefinition>
          <name>TestingType</name>
          <description>JIRA Testing Type</description>
          <defaultValue>Regression</defaultValue>
        </hudson.model.StringParameterDefinition>
      </parameterDefinitions>
    </hudson.model.ParametersDefinitionProperty>
  </properties>
<scm class="hudson.scm.NullSCM"/>
<canRoam>true</canRoam>
<disabled>false</disabled>
<blockBuildWhenDownstreamBuilding>false</blockBuildWhenDownstreamBuilding>
<blockBuildWhenUpstreamBuilding>false</blockBuildWhenUpstreamBuilding>
<triggers/>
<concurrentBuild>false</concurrentBuild>
<builders>
<hudson.plugins.python.Python plugin="python@1.3">
<command>
import requests as Requests
import json as JSON
import os
projectname = os.getenv('projectname')
issuetype = os.getenv('issuetype')
sprint = os.getenv('sprint')
TestingType = os.getenv('TestingType')
url = 'http://10.146.217.20:8082/api/executeIssue'
payload = {'projectname': projectname, 'issuetype': issuetype, 'sprint':sprint, 'TestingType':TestingType}
r = Requests.post(url, data=JSON.dumps(payload))
print r
print r.text
</command>
</hudson.plugins.python.Python>
</builders>
<publishers/>
<buildWrappers/>
</project>